parameter_name,parameter_value,runs,feasible_runs,feasible_rate,total_cost_mean,total_cost_std,total_cost_ci95_low,total_cost_ci95_high,rider_cost_mean,rider_cost_std,rider_cost_ci95_low,rider_cost_ci95_high,drone_cost_mean,drone_cost_std,drone_cost_ci95_low,drone_cost_ci95_high,delay_cost_mean,delay_cost_std,delay_cost_ci95_low,delay_cost_ci95_high,self_pickup_cost_mean,self_pickup_cost_std,self_pickup_cost_ci95_low,self_pickup_cost_ci95_high,drone_served_orders_mean,drone_served_orders_std,drone_served_orders_ci95_low,drone_served_orders_ci95_high,drone_mode_ratio_mean,drone_mode_ratio_std,drone_mode_ratio_ci95_low,drone_mode_ratio_ci95_high,on_time_rate_mean,on_time_rate_std,on_time_rate_ci95_low,on_time_rate_ci95_high,average_delay_mean,average_delay_std,average_delay_ci95_low,average_delay_ci95_high,max_delay_mean,max_delay_std,max_delay_ci95_low,max_delay_ci95_high,average_walking_distance_mean,average_walking_distance_std,average_walking_distance_ci95_low,average_walking_distance_ci95_high,drone_utilization_mean,drone_utilization_std,drone_utilization_ci95_low,drone_utilization_ci95_high,cpu_time_mean,cpu_time_std,cpu_time_ci95_low,cpu_time_ci95_high
number_of_drones,0.0,80,80,1.0,494.5588989875,150.53964606429406,461.0579418194088,528.0598561555912,487.05986225,134.89195831332492,457.0411274122376,517.0785970877623,0.0,0.0,0.0,0.0,7.4990366999999996,18.653974036342,3.3477981290040315,11.650275270995968,0.0,0.0,0.0,0.0,0.0,0.0,0.0,0.0,0.0,0.0,0.0,0.0,0.982,0.0323900281576079,0.9747919523238558,0.9892080476761441,0.0299961625,0.07461589294385414,0.013391208928478136,0.04660111607152186,0.5855794,1.4569534526969483,0.26135029165031604,0.9098085083496839,0.0,0.0,0.0,0.0,0.0,0.0,0.0,0.0,15.799253049999999,0.9521755124986534,15.587356769553724,16.011149330446273
number_of_drones,2.0,80,80,1.0,475.31076976250006,125.55413924657836,447.3700647645638,503.25147476043634,460.95367643749995,118.43137434487872,434.59806512171775,487.30928775328215,10.911176425,11.097585671386117,8.44152971088759,13.380823139112412,1.8981096125,3.447977137768435,1.1307998875946776,2.6654193374053223,1.54780745,1.6649643406851276,1.1772877860978446,1.9183271139021556,1.1625,0.9062895560987507,0.9608151389383134,1.364184861061687,0.0465,0.03625158224395004,0.03843260555753253,0.05456739444246747,0.9800000000000001,0.032452496929543405,0.9727780505796466,0.9872219494203536,0.007592425,0.01379188354764396,0.00452319166461944,0.01066165833538056,0.1396462125,0.2532389895843222,0.08329063597810658,0.1960017890218934,0.4297633125,0.4192649180716293,0.3364604754759106,0.5230661495240894,0.58125,0.45314477804937536,0.4804075694691567,0.6820924305308435,17.300282637499997,1.4362425537431303,16.980662513938732,17.61990276106126
number_of_drones,4.0,80,80,1.0,470.84015705,120.48643309492032,444.0272148120124,497.65309928798763,449.013417725,110.33148050891697,424.46034948380924,473.5664859661908,18.5675614375,19.581528779089,14.209905669969935,22.925217205030066,0.790115275,1.759829921960376,0.3984843101341712,1.181746239865829,2.4690628,2.397703368721909,1.9354800531464935,3.0026455468535067,1.975,1.5008436446111302,1.6410036078957873,2.3089963921042127,0.07899999999999999,0.06003374578444521,0.06564014431583147,0.0923598556841685,0.9890000000000001,0.024628891133808936,0.983519108762758,0.9944808912372421,0.0040988249999999995,0.010676219434426462,0.0017229487485233008,0.006474701251476698,0.090872225,0.25381583842695693,0.03438827705652561,0.1473561729434744,0.4720992625000001,0.38307009980977635,0.38685118771295834,0.5573473372870419,0.49375,0.37521091115278254,0.4102509019739468,0.5772490980260532,18.8303618625,2.267033114868433,18.32585835617838,19.334865368821617
number_of_drones,6.0,80,80,1.0,470.39481513749996,120.59543432916013,443.5576158630771,497.2320144119228,445.9748517,108.00954665870367,421.9385045252977,470.0111988747023,20.958225987499997,22.988002535020122,15.842496620255634,26.07395535474436,0.669369225,1.6219698985204003,0.3084175055103837,1.0303209444896162,2.792368325,2.480897868056311,2.2402715492399006,3.3444651007600994,2.2125,1.6815736300910886,1.8382841198018136,2.586715880198186,0.0885,0.06726294520364355,0.07353136479207255,0.10346863520792744,0.99,0.024235135075998615,0.9846067348810081,0.9953932651189918,0.0036158375,0.010365330127118266,0.0013091462747967207,0.005922528725203279,0.0787976125,0.24505178338075495,0.02426400946829864,0.13333121553170135,0.509149975,0.39100693366046124,0.42213564436053985,0.5961643056394602,0.36874996250000003,0.28026223884279483,0.306380656441609,0.43111926855839106,19.746981599999998,2.7314254376225304,19.13913264468529,20.354830555314706
number_of_drones,8.0,80,80,1.0,469.86831136250004,120.87601940036821,442.96867093919514,496.76795178580494,443.0785566625,109.92473291437085,418.6160056644366,467.54110766056334,23.0099317875,23.138859441219807,17.860630860302933,28.15923271469707,0.7480162,1.7375251366127555,0.3613489219642502,1.1346834780357498,3.0318068250000003,2.4195585889035542,2.4933604371433007,3.5702532128567,2.4125,1.6511886780840377,2.045045959638397,2.779954040361603,0.0965,0.0660475471233615,0.0818018383855359,0.11119816161446411,0.9894999999999999,0.024437986616606067,0.9840615924819721,0.9949384075180278,0.0039304249999999995,0.010632661957294667,0.0015642419902300018,0.006296608009769998,0.0866623125,0.25247480816086015,0.03047679622339984,0.14284782877660018,0.5477406875,0.3904225280117081,0.4608564099669442,0.6346249650330559,0.3015625,0.2063985847605047,0.25563074495479965,0.3474942550452004,19.975340949999996,3.026768738241221,19.301766562730414,20.648915337269578
number_of_drones,10.0,80,80,1.0,469.57207761250004,120.99529219242638,442.6458943295397,496.49826089546036,442.46908665,109.93760088973785,418.00367202429516,466.93450127570486,23.122143725,22.941174013155088,18.016835534809392,28.22745191519061,0.9017779625,2.0312147916930945,0.4497532532972085,1.3538026717027916,3.0790693625000003,2.4012900422705874,2.5446884405472985,3.613450284452702,2.4375,1.6291937122081996,2.0749406995224366,2.8000593004775634,0.0975,0.06516774848832799,0.08299762798089748,0.11200237201910253,0.9879999999999999,0.02730048453226063,0.9819245747755192,0.9940754252244806,0.003607175,0.008124971049257088,0.0017990512649615155,0.005415298735038484,0.072916575,0.1587653335812288,0.03758508074491949,0.10824806925508051,0.5522397625,0.39032953801531173,0.4653761788769391,0.6391033461230607,0.24375,0.16291937122081995,0.20749406995224368,0.2800059300477563,20.021686012500002,3.110080632470583,19.3295714713697,20.713800553630303
number_of_drones,12.0,80,80,1.0,469.47298998749994,121.04045981824659,442.53675514179486,496.40922483320503,442.04939891249995,110.09463565145782,417.54903791244243,466.5497599125575,23.3294244,22.81146808139621,18.2529808509714,28.4058679490286,0.9643201874999999,2.0510011940522115,0.507892230147812,1.4207481448521877,3.1298465750000006,2.3638715900104486,2.60379272169158,3.655900428308421,2.475,1.6067500022157315,2.1174353025177806,2.8325646974822196,0.099,0.06427000008862926,0.08469741210071123,0.11330258789928878,0.9865,0.027700934499613875,0.9803354590006721,0.992664540999328,0.00385735,0.008204122261307484,0.0020316120255632754,0.005683087974436724,0.0791708,0.16196542469706696,0.04312716035193844,0.11521443964806155,0.5621689625,0.38399871479740905,0.4767142345704828,0.6476236904295173,0.20625003749999998,0.13389583542218048,0.1764529789527221,0.23604709604727786,19.987896125,3.1105117901688017,19.295685634424096,20.6801066155759
drone_range,8.0,80,80,1.0,489.4982679375,152.8358512496944,455.486315336801,523.510220538199,472.0118339875,142.29296227037656,440.3460863989559,503.6775815760441,8.2414678125,9.838097997903398,6.052106350188053,10.430829274811947,7.5898303625,18.627789665737915,3.444418837740783,11.735241887259217,1.6551357749999998,1.8848368444154857,1.2356858822678536,2.074585667732146,1.4,1.5393570908546712,1.0574328602772534,1.7425671397227465,0.05600000000000001,0.061574283634186856,0.042297314411090144,0.06970268558890987,0.9789999999999999,0.03425888039729186,0.9713760596306552,0.9866239403693445,0.030518087500000003,0.0744523293823679,0.013949533216047014,0.04708664178395299,0.59743985,1.4534992852903115,0.2739794289520766,0.9209002710479234,0.389581975,0.4360951551923645,0.2925337521745533,0.48663019782544675,0.175,0.1924196363568339,0.13217910753465667,0.2178208924653433,21.310601725,1.7069262897746635,20.93074388676377,21.69045956323623
drone_range,12.0,80,80,1.0,487.9652341875,153.20699085450937,453.8706885136183,522.0597798613817,469.8203008375,142.70942857569264,438.06187321269226,501.5787284623077,8.946755999999999,8.471126532948084,7.061599135577916,10.831912864422081,7.528768962499998,18.647935309379978,3.378874244360028,11.678663680639968,1.6694084375,1.6126166121290904,1.310538189934679,2.028278685065321,1.4875,1.3311625260974245,1.191264291092383,1.7837357089076171,0.0595,0.05324650104389697,0.047650571643695315,0.07134942835630467,0.9804999999999999,0.03367378877751819,0.9730062653924323,0.9879937346075676,0.0302818375,0.07453090263257534,0.01369579759575644,0.04686787740424356,0.5923472750000001,1.4551834125350276,0.2685120697927812,0.9161824802072189,0.4170198875000001,0.4248679831850078,0.32247014941508884,0.5115696255849114,0.1859375,0.16639531576217806,0.14890803638654787,0.22296696361345214,21.187430099999997,2.2304101515933565,20.691076634920822,21.68378356507917
drone_range,16.0,80,80,1.0,470.08054843749994,121.12286890796165,443.12597434723716,497.0351225277627,445.01581559999994,109.16422298856234,420.7225077954508,469.3091234045491,21.4882674375,22.624002959199675,16.45354220782054,26.52299266717946,0.5219390125000001,1.4973231582561477,0.1887260662565457,0.8551519587434544,3.0545264750000003,2.365033709213438,2.5282140047314536,3.580838945268547,2.4,1.710725658450534,2.0192966536826518,2.780703346317348,0.096,0.06842902633802135,0.08077186614730607,0.11122813385269394,0.99,0.027374570108178776,0.9839080878382208,0.9960919121617792,0.002329875,0.006031205424312221,0.0009876959802250433,0.0036720540197749565,0.047060950000000004,0.1163780919930673,0.02116227428836192,0.07295962571163808,0.5645867499999999,0.4065044377395054,0.4741236187692148,0.655049881230785,0.3,0.21384070730631674,0.25241208171033147,0.3475879182896685,20.7901315625,2.379589709060265,20.26057981314348,21.319683311856522
drone_range,20.0,80,80,1.0,469.476064525,121.3186068625404,442.4779310867253,496.4741979632748,443.9631917625,109.67459113785098,419.5563070899544,468.37007643504563,21.96312555,22.619038685584865,16.929505065296958,26.996746034703044,0.4116361125,1.2240943766154924,0.13922725308775813,0.6840449719122419,3.13811125,2.3739721877458035,2.609809618774261,3.6664128812257393,2.4125,1.6588370945723134,2.0433438879258863,2.781656112074114,0.0965,0.06635348378289253,0.08173375551703546,0.11126624448296454,0.993,0.017746456233872714,0.9890507196229061,0.9969492803770938,0.001888675,0.004969422350800233,0.0007827842285203623,0.002994565771479638,0.0439026,0.11464479869774105,0.01838964981625152,0.06941555018374848,0.592727625,0.419409049780711,0.4993927130352638,0.6860625369647362,0.3015625,0.20735463682153918,0.2554179859907358,0.34770701400926424,20.133604212499996,2.6689753806055134,19.53965283659356,20.72755558840643
drone_range,24.0,80,80,1.0,469.3753374375,121.32963088736612,442.3747507226754,496.37592415232456,443.6120045625,109.75661406586555,419.18686658147345,468.0371425435265,22.200336425,22.509305143638876,17.191135943829217,27.209536906170783,0.4197818875,1.222953741613167,0.14762686397322988,0.6919369110267701,3.1432146750000003,2.351778910320811,2.61985191573173,3.6665774342682704,2.4375,1.6523381975211193,2.0697901466188218,2.8052098533811782,0.0975,0.06609352790084479,0.08279160586475287,0.11220839413524714,0.992,0.01844595252506528,0.9878950543486535,0.9961049456513464,0.0019212624999999997,0.004963316168240516,0.0008167305928842804,0.003025794407115719,0.044717175,0.11450327313079389,0.019235719788376415,0.07019863021162358,0.584636075,0.4138596631920197,0.49253611852557716,0.6767360314744228,0.3046875,0.20654227469013992,0.2587237683273527,0.3506512316726473,20.137683275,2.6141445894761914,19.55593389393771,20.719432656062292
drone_range,30.0,80,80,1.0,469.34026652499995,121.32820156177837,442.3399978910036,496.3405351589963,443.52144907499996,109.77583395244956,419.0920339177341,467.9508642322658,22.200336425,22.509305143638876,17.191135943829217,27.209536906170783,0.475266475,1.3057991072489874,0.18467511846527845,0.7658578315347215,3.1432146750000003,2.351778910320811,2.61985191573173,3.6665774342682704,2.4375,1.6523381975211193,2.0697901466188218,2.8052098533811782,0.0975,0.06609352790084479,0.08279160586475287,0.11220839413524714,0.9914999999999999,0.01981560566442776,0.9870902529733578,0.995909747026642,0.0021432,0.005279936081316213,0.0009682077827678113,0.003318192217232189,0.048608887499999996,0.11850321614703001,0.02223728857431121,0.07498048642568877,0.584636075,0.4138596631920197,0.49253611852557716,0.6767360314744228,0.3046875,0.20654227469013992,0.2587237683273527,0.3506512316726473,20.03568405,2.559283884379502,19.466143320809195,20.605224779190806
number_of_lockers,2.0,80,80,1.0,482.87757899999997,127.45915202886404,454.51293417430054,511.2422238256994,472.18295865,120.11489818968784,445.45269745499377,498.9132198450062,9.1349659625,15.943080130074668,5.587007278334071,12.682924646665931,0.6074302749999999,1.4876599598008131,0.27636776823227455,0.9384927817677253,0.9522241874999999,1.50792903781265,0.6166510183781115,1.2877973566218883,0.9625,1.4359202932640778,0.6429515919953221,1.282048408004678,0.0385,0.05743681173056311,0.025718063679812886,0.05128193632018711,0.9884999999999999,0.027883119524730007,0.9822949157093687,0.9947050842906312,0.0035455124999999995,0.011380442113938391,0.0010129191680735995,0.0060781058319264,0.07375767500000001,0.26868933637081077,0.013963792228168646,0.13355155777183136,0.165199125,0.2346168583294671,0.11298770078520733,0.2174105492147927,0.1203125,0.17949003665800972,0.08036894899941527,0.16025605100058474,16.1784663125,0.8666216070439029,15.98560912107203,16.371323503927968
number_of_lockers,3.0,80,80,1.0,474.3180929125001,120.2807283283688,447.55092802787874,501.08525779712147,455.8320064625001,108.02069733603466,431.7931778261136,479.8708350988866,16.19794535,21.67419908881768,11.374588617667513,21.02130208233249,0.45485377499999996,1.247475075173047,0.17724179600155854,0.7324657539984414,1.833287525,2.0210887758223257,1.383516250243475,2.283058799756525,1.7875,1.6740290970355083,1.414963073388833,2.160036926611167,0.0715,0.06696116388142033,0.056598522935553314,0.08640147706444667,0.9915,0.022675476074161562,0.9864538199897048,0.9965461800102953,0.0029352,0.010971891051711773,0.0004935252532733189,0.005376874746726681,0.065117675,0.2646654715337776,0.00621925948267555,0.12401609051732446,0.3092894875,0.25890198166399603,0.2516736738242118,0.36690530117578823,0.2234375,0.20925363712943854,0.17687038417360412,0.2700046158263959,18.194693074999996,1.573703805051997,17.844482448453203,18.54490370154679
number_of_lockers,4.0,80,80,1.0,470.86126588750005,120.89091526803203,443.9583105512295,497.7642212237706,444.0278528375,109.37239519682018,419.68821857733093,468.3674870976691,23.324107500000004,23.953620091457793,17.993490471965213,28.654724528034794,0.37828239999999996,1.277379753436754,0.09401546085099383,0.662549339149006,3.1310233750000003,2.621105343471644,2.5477249540166276,3.714321795983373,2.475,1.7929185597860593,2.076005519492084,2.8739944805079163,0.099,0.07171674239144236,0.08304022077968337,0.11495977922031664,0.993,0.023621487750442476,0.9877432954038154,0.9982567045961845,0.00151315,0.00510955664082734,0.0003760738699074295,0.0026502261300925707,0.029566500000000003,0.09533301917084054,0.008351175828298894,0.050781824171701115,0.5308664875,0.3800796914966014,0.4462838954840017,0.6154490795159983,0.309375,0.2241148199732574,0.2595006899365105,0.35924931006348954,20.1783882875,2.2711281608302247,19.67297347334052,20.68380310165948
number_of_lockers,5.0,80,80,1.0,470.11512497500007,121.0099969226799,443.1856693146211,497.044580635379,443.440907325,109.5335929737828,419.0654002568179,467.81641439318213,23.3134846625,23.666334620825488,18.046799884196666,28.58016944080333,0.34460008750000004,1.2156110240323246,0.07407910572637805,0.615121069273622,3.01613305,2.485733513639109,2.462960154029812,3.5693059459701884,2.45,1.7422522888418552,2.062280745767319,2.8377192542326815,0.098,0.06969009155367421,0.08249122983069276,0.11350877016930724,0.9954999999999998,0.015581553520961324,0.9920324951216165,0.9989675048783832,0.001378425,0.004862519622881885,0.00029632426525005623,0.002460525734749944,0.0311465125,0.11136045430896273,0.00636445735666321,0.05592856764333679,0.52112865,0.38044360869694865,0.43646507217820035,0.6057922278217995,0.30625,0.2177815361052319,0.25778509322091486,0.3547149067790852,20.17198765,2.2529362048691994,19.670621257325408,20.67335404267459
number_of_lockers,6.0,80,80,1.0,469.0744637125,121.09829212833687,442.1253589166262,496.0235685083738,443.8463814375,109.58178982499396,419.46014868548457,468.2326141895154,22.0496304125,22.58617782217969,17.023322754724774,27.075938070275228,0.40239499999999995,1.307177432387166,0.11149691223118136,0.6932930877688186,2.7760569875,2.0134209868652926,2.327992095587725,3.2241218794122752,2.4,1.6733200530681511,2.027620863394335,2.772379136605665,0.096,0.06693280212272605,0.08110483453577338,0.11089516546422662,0.9940000000000001,0.019199156099597416,0.9897274371039679,0.9982725628960323,0.0016096125,0.005228810186062129,0.00044599779342275117,0.002773227206577249,0.0351537375,0.11590080680726857,0.009361276403477847,0.060946198596522144,0.5113847,0.3676903344346893,0.4295592243392112,0.5932101756607888,0.3,0.2091650066335189,0.25345260792429186,0.3465473920757081,20.16847435,2.2267525892933833,19.67293483553885,20.66401386446115
number_of_lockers,8.0,80,80,1.0,468.95120193750006,121.07485299082971,442.00731326616364,495.8950906088365,443.8247616625,109.58225840278219,419.4384246336059,468.2110986913941,22.0413657,22.57353858948337,17.017870765678474,27.064860634321526,0.40123983750000003,1.3018543737183728,0.11152633841016851,0.6909533365898315,2.6838348375,1.9689754966728863,2.2456608049206523,3.122008870079348,2.4,1.6733200530681511,2.027620863394335,2.772379136605665,0.096,0.06693280212272605,0.08110483453577338,0.11089516546422662,0.9945,0.017710756225411416,0.9905586642706161,0.998441335729384,0.0016049874999999997,0.005207498175996447,0.00044611554893628116,0.002763859451063718,0.0351537375,0.11590080680726857,0.009361276403477847,0.060946198596522144,0.493185125,0.362818323215868,0.4124438623251676,0.5739263876748324,0.3,0.2091650066335189,0.25345260792429186,0.3465473920757081,20.1895639,2.1930335941468724,19.70152818033103,20.677599619668968
number_of_lockers,10.0,80,80,1.0,468.58357678749996,121.17659818006722,441.6170458334439,495.550107741556,443.7111378375001,109.26169422755686,419.3961388712666,468.02613680373355,21.586787774999998,22.18071816826681,16.650710743204343,26.522864806795653,0.47823312500000004,1.3632681397008075,0.17485266177482028,0.7816135882251798,2.80741795,1.8472869780144665,2.3963243706966155,3.2185115293033846,2.4125,1.6435046683647447,2.0467559522364622,2.778244047763538,0.0965,0.06574018673458978,0.08187023808945848,0.11112976191054152,0.993,0.018853197022645353,0.9888044265251728,0.9971955734748272,0.0019129624999999998,0.005453159322219795,0.0006994213388467501,0.0031265036611532494,0.0428530625,0.12307417182655957,0.015464247216756058,0.07024187778324394,0.5369661125,0.364997150507691,0.45573997556321505,0.6181922494367851,0.3015625,0.2054380835455931,0.2558444940295578,0.34728050597044224,20.207411437500003,2.2568383741235505,19.7051766595962,20.709646215403804
self_pickup_compensation_cW,0.0,80,80,1.0,468.7788506500001,119.66485121960802,442.1487425021309,495.4089587978693,439.31994833749997,110.12498423137579,414.81283359181776,463.82706308318217,28.875489625,23.70373048547527,23.60048280467884,34.15049644532116,0.5834128125,1.6057782055710053,0.22606437776731014,0.9407612472326898,0.0,0.0,0.0,0.0,2.9625,1.694695745815772,2.585363935994157,3.339636064005843,0.11850000000000001,0.06778782983263087,0.10341455743976628,0.13358544256023372,0.9904999999999999,0.029334388166687986,0.9839719516936776,0.9970280483063223,0.0028185124999999998,0.008693017069579102,0.0008839763155248741,0.004753048684475125,0.05361283750000001,0.1588752632936255,0.018256879585791926,0.0889687954142081,0.6958867874999999,0.35539515635091096,0.6167974696895011,0.7749761053104987,0.3703125,0.2118369682269715,0.3231704919992696,0.41745450800073036,20.2204452,2.591399770996252,19.643757430344497,20.797132969655504
self_pickup_compensation_cW,1.0,80,80,1.0,471.10291536249997,119.99187771065489,444.4000310340311,497.80579969096885,443.7134618624999,110.76006237634783,419.06501739877115,468.3619063262287,25.161733425,24.482008290236152,19.71352936339507,30.60993748660493,0.5860057624999999,2.0108552966951443,0.13851183696597702,1.0334996880340228,1.6417144125,1.3980899549475465,1.3305847338913992,1.952844091108601,2.5125,1.9026547076936637,2.089084936031473,2.9359150639685274,0.10049999999999999,0.07610618830774654,0.0835633974412589,0.11743660255874108,0.99,0.032138938881130834,0.9828478295051603,0.9971521704948397,0.00234405,0.008043487399242454,0.0005540595630023129,0.004134040436997687,0.0429246125,0.13226997834018783,0.013489370722518514,0.07235985427748148,0.553374725,0.38266216836181555,0.46821743090975754,0.6385320190902424,0.3140625,0.23783183846170797,0.2611356170039341,0.3669893829960659,20.1325943125,2.559325846834292,19.563044245022322,20.70214437997768
self_pickup_compensation_cW,2.0,80,80,1.0,473.02150058749993,120.53859497999163,446.1969502906171,499.84605088438275,441.88545186249996,108.71023576264874,417.6931739660701,466.0777297589298,27.64840385,23.577399478163237,22.401510618195942,32.89529708180406,0.3645089625,1.3220290541675612,0.07030580820452559,0.6587121167954744,3.1231359375,2.3898927794031257,2.5912913521545544,3.6549805228454453,2.675,1.6130402146807175,2.3160354843045923,3.0339645156954074,0.10699999999999998,0.0645216085872287,0.09264141937218369,0.12135858062781628,0.9934999999999998,0.024188081592785328,0.9881172061207575,0.9988827938792422,0.00145805,0.005288131353574553,0.0002812340142650592,0.002634865985734941,0.0265324,0.09497218685470267,0.005397375126748389,0.04766742487325161,0.5276562499999999,0.3365571628554786,0.4527591222850839,0.6025533777149159,0.334375,0.20163002683508968,0.28950443553807403,0.3792455644619259,20.1021474375,2.361945574436265,19.576522197961726,20.627772677038276
self_pickup_compensation_cW,4.0,80,80,1.0,477.25616802499997,120.42838354754409,450.45614408097094,504.056191969029,453.6644399625,108.2738996182045,429.56926391842654,477.7596160065735,19.339679962499996,20.693502213627102,14.734566628963655,23.944793296036337,0.3102954875,1.0990684452777568,0.06570978617368414,0.5548811888263159,3.9417527375,4.632193896204529,2.9109084823941767,4.972596992605823,1.7625,1.4861704248320815,1.43176897300184,2.09323102699816,0.07050000000000001,0.059446816993283254,0.05727075892007361,0.08372924107992641,0.9945,0.017710756225411416,0.9905586642706161,0.998441335729384,0.0013245750000000001,0.004435583111453058,0.00033748433174617966,0.0023116656682538204,0.028143487499999998,0.09332857598949901,0.00737423030746075,0.04891274469253924,0.38081375,0.3304098940648752,0.3072846299417965,0.4543428700582035,0.2203125,0.1857713031040102,0.17897112162523,0.26165387837477,20.017876475,2.2544523117536532,19.516172689265666,20.519580260734337
self_pickup_compensation_cW,6.0,80,80,1.0,478.67040532499993,121.37427715402838,451.6598830702278,505.68092757977206,458.12076026249997,108.25637142975283,434.02948492568805,482.2120355993119,15.343838424999998,19.304889844298508,11.047745636709863,19.639931213290133,0.2662832625,1.0015490009450077,0.04339945043049945,0.4891670745695006,4.9395235,6.7838249833278805,3.4298572018260836,6.449189798173917,1.425,1.4300128352083976,1.1067662323872034,1.7432337676127967,0.05700000000000001,0.0572005134083359,0.04427064929548814,0.06972935070451187,0.9949999999999999,0.017283928292352695,0.9911536501741794,0.9988463498258203,0.00106515,0.004006262847409247,0.00017359987640099168,0.0019567001235990082,0.0216580875,0.07987430538470085,0.0038829315627988206,0.03943324343720118,0.3413041124999999,0.3634970178580856,0.2604118137311313,0.42219641126886853,0.178125,0.1787516044010497,0.13834577904840042,0.2179042209515996,19.9916333625,2.1174943957616645,19.520408067963384,20.462858657036616
self_pickup_compensation_cW,8.0,80,80,1.0,479.7909121625,122.41410676571732,452.54898716304206,507.0328371619579,457.43577992499996,107.94338485599977,433.414156338246,481.4574035117539,15.613624962500001,19.05136703912912,11.373950910796284,19.85329901420372,0.435030525,1.414521856701068,0.12024410578367983,0.7498169442163202,6.3064768875,8.517829441904643,4.410926799807611,8.202026975192387,1.425,1.3758771655505968,1.1188135355255233,1.7311864644744768,0.05700000000000001,0.055035086622023874,0.04475254142102093,0.06924745857897908,0.9945,0.017710756225411413,0.9905586642706161,0.998441335729384,0.0017401375,0.005658137777346598,0.00048098061817040613,0.002999294381829594,0.037441999999999996,0.12641597147322403,0.009309503635033342,0.06557449636496665,0.3464556,0.3518467136567474,0.2681559494287867,0.42475525057121327,0.178125,0.1719846456938246,0.13985169194069041,0.2163983080593096,20.0025142875,2.0902253607657677,19.537357419436386,20.46767115556361
delay_penalty_cP,1.0,80,80,1.0,463.3518411125,122.88472647145933,436.005184827851,490.69849739714897,434.12888768749997,117.03913824495277,408.08310333870537,460.17467203629457,21.941591575,19.274702706731116,17.65221660509932,26.23096654490068,4.4303814625,5.291291986313427,3.2528621124037276,5.607900812596272,2.850980575,1.9862449867087877,2.40896340567141,3.2929977443285896,2.25,1.4186818628036737,1.9342878167746236,2.5657121832253766,0.09,0.05674727451214694,0.07737151267098494,0.10262848732901506,0.9235000000000001,0.05217060620597323,0.9118900003113254,0.9351099996886748,0.17770888750000005,0.2114503022242674,0.13065292780304616,0.22476484719695394,3.39004295,3.9945518165346727,2.501098988657782,4.278986911342218,0.553402275,0.4081069250287598,0.4625825276920336,0.6442220223079665,0.28125,0.1773352328504592,0.24178597709682795,0.3207140229031721,19.8796749625,2.6662489535979166,19.28633032320277,20.473019601797233
delay_penalty_cP,5.0,80,80,1.0,470.2712738,121.4818275360552,443.23681738013653,497.3057302198635,442.664467875,111.9915642801404,417.7419660874367,467.5869696625633,22.796769925,22.755504763098827,17.732780402390887,27.860759447609112,1.7237179375,2.3858486578205853,1.1927733273269512,2.254662547673049,3.0863182250000003,2.381322489290501,2.5563808642926316,3.616255585707369,2.4125,1.6280278509731656,2.0502001492310016,2.7747998507689986,0.0965,0.06512111403892662,0.08200800596924006,0.11099199403075995,0.9719999999999999,0.044732679980388476,0.9620452297104717,0.981954770289528,0.016481562499999998,0.023930944579708024,0.011155991659914719,0.02180713334008528,0.35706957500000003,0.5086365305954456,0.24387805986698985,0.4702610901330102,0.5875173124999999,0.4060626280447045,0.49715250120053484,0.677882123799465,0.3015625,0.2035034813716457,0.2562750186538752,0.3468499813461248,20.18131715,2.614296168266395,19.599534036730343,20.76310026326966
delay_penalty_cP,10.0,80,80,1.0,473.02150058749993,120.53859497999163,446.1969502906171,499.84605088438275,441.88545186249996,108.71023576264874,417.6931739660701,466.0777297589298,27.64840385,23.577399478163237,22.401510618195942,32.89529708180406,0.3645089625,1.3220290541675612,0.07030580820452559,0.6587121167954744,3.1231359375,2.3898927794031257,2.5912913521545544,3.6549805228454453,2.675,1.6130402146807175,2.3160354843045923,3.0339645156954074,0.10699999999999998,0.0645216085872287,0.09264141937218369,0.12135858062781628,0.9934999999999998,0.024188081592785328,0.9881172061207575,0.9988827938792422,0.00145805,0.005288131353574553,0.0002812340142650592,0.002634865985734941,0.0265324,0.09497218685470267,0.005397375126748389,0.04766742487325161,0.5276562499999999,0.3365571628554786,0.4527591222850839,0.6025533777149159,0.334375,0.20163002683508968,0.28950443553807403,0.3792455644619259,20.3019095125,2.759322629563525,19.687852341231824,20.915966683768175
delay_penalty_cP,20.0,80,80,1.0,474.7309440250001,119.66615789242475,448.1005450913399,501.3613429586603,446.1197155625,108.17657682691049,422.04619764469334,470.1932334803067,25.7695492375,24.308040270027384,20.36005986233151,31.179038612668492,0.0,0.0,0.0,0.0,2.8416792625,2.4171378734961495,2.3037715784685036,3.3795869465314965,2.3875,1.7099392986487243,2.0069716494842753,2.768028350515725,0.0955,0.06839757194594898,0.080278865979371,0.110721134020629,1.0,0.0,1.0,1.0,0.0,0.0,0.0,0.0,0.0,0.0,0.0,0.0,0.4894253375,0.3276679469938093,0.41650640787193555,0.5623442671280644,0.2984375,0.21374241233109054,0.2508714561855344,0.34600354381446563,20.29240845,2.7880050192020405,19.671968325590377,20.912848574409622
delay_penalty_cP,30.0,80,80,1.0,474.98371613750004,119.69430427387111,448.3470535334784,501.6203787415217,450.9639102125,106.09147110978172,427.35440984187585,474.5734105831242,21.366042762499998,23.119701012808772,16.221005334695853,26.511080190304142,0.0,0.0,0.0,0.0,2.6537632,2.2723892996007162,2.148067733155079,3.1594586668449214,2.0625,1.6174972854241303,1.7025436117980872,2.422456388201913,0.08249999999999999,0.06469989141696521,0.06810174447192348,0.0968982555280765,1.0,0.0,1.0,1.0,0.0,0.0,0.0,0.0,0.0,0.0,0.0,0.0,0.523116575,0.3965730749769553,0.43486356028820067,0.6113695897117993,0.2578125,0.2021871606780163,0.2128179514747609,0.3028070485252391,20.328008349999998,2.745877334240571,19.71694328263603,20.939073417363964
delay_penalty_cP,50.0,80,80,1.0,475.73442925,119.36342595731311,449.17140000835604,502.29745849164397,450.9710708999999,108.74206468177813,426.77170982459137,475.17043197540846,21.8925458875,22.499987860209643,16.885418866186775,26.899672908813223,0.0,0.0,0.0,0.0,2.8708126125,2.4711027726803203,2.320895628437486,3.4207295965625137,2.15,1.6389252421532496,1.785275053618567,2.514724946381433,0.086,0.06555700968613,0.07141100214474268,0.10058899785525731,1.0,0.0,1.0,1.0,0.0,0.0,0.0,0.0,0.0,0.0,0.0,0.0,0.5594045000000001,0.41733637009503655,0.4665308403046049,0.6522781596953953,0.26875,0.2048656552691562,0.22315938170232089,0.3143406182976791,20.2918008125,2.691755234930396,19.69278002834142,20.89082159665858
drone_cost_cD,0.4,80,80,1.0,445.81411604999994,115.11398385375402,420.1967538244643,471.4314782755356,418.492972275,113.46256356570046,393.24311563209983,443.74282891790017,21.0559567625,8.52974357193997,19.15775531504662,22.954158209953377,0.6264151,1.749670109127646,0.23704509072589447,1.0157851092741055,5.638771725,2.5839503524822542,5.0637417422271485,6.213801707772851,5.125,1.6177418235290009,4.764989192508608,5.485010807491392,0.205,0.06470967294116003,0.1905995677003443,0.21940043229965567,0.9855,0.03724363848491359,0.9772118342557145,0.9937881657442856,0.0058083,0.018711314556719587,0.0016443009212747575,0.009972299078725242,0.118368375,0.4292162532767084,0.02285097680756372,0.2138857731924363,0.5481804625,0.14285129861626392,0.5163904632442174,0.5799704617557825,0.640625,0.2022177279411251,0.595623649063576,0.685626350936424,20.772101624999998,2.869608456746331,20.133501545140682,21.410701704859314
drone_cost_cD,0.8,80,80,1.0,466.6763354000001,117.67285771648444,440.48952369112186,492.8631471088783,432.37961272499996,111.50601351674982,407.5651649667409,457.194060483259,29.791832762499997,18.819140019773734,25.603838302399513,33.97982722260048,0.5821741625,1.689302163704564,0.20623838139646283,0.9581099436035372,3.9227157625,2.2508413129222427,3.421815565191357,4.423615959808644,3.4125,1.5726600057453253,3.062521659610235,3.762478340389765,0.1365,0.062906400229813,0.12250086638440942,0.15049913361559059,0.9884999999999999,0.0337938650712773,0.9809795437222325,0.9960204562777674,0.0024120625,0.006769221506655761,0.0009056460463639732,0.003918478953636027,0.042143375,0.11107554585573161,0.01742472312708438,0.06686202687291562,0.5467190125,0.27427679097700813,0.48568170261554655,0.6077563223844534,0.4265625,0.19658250071816566,0.3828152074512794,0.47030979254872063,20.4237488625,2.8971907697043124,19.779010639572327,21.06848708542767
drone_cost_cD,1.0,80,80,1.0,473.02150058749993,120.53859497999163,446.1969502906171,499.84605088438275,441.88545186249996,108.71023576264874,417.6931739660701,466.0777297589298,27.64840385,23.577399478163237,22.401510618195942,32.89529708180406,0.3645089625,1.3220290541675612,0.07030580820452559,0.6587121167954744,3.1231359375,2.3898927794031257,2.5912913521545544,3.6549805228454453,2.675,1.6130402146807175,2.3160354843045923,3.0339645156954074,0.10699999999999998,0.0645216085872287,0.09264141937218369,0.12135858062781628,0.9934999999999998,0.024188081592785328,0.9881172061207575,0.9988827938792422,0.00145805,0.005288131353574553,0.0002812340142650592,0.002634865985734941,0.0265324,0.09497218685470267,0.005397375126748389,0.04766742487325161,0.5276562499999999,0.3365571628554786,0.4527591222850839,0.6025533777149159,0.334375,0.20163002683508968,0.28950443553807403,0.3792455644619259,20.3554143125,2.8594735839889123,19.719069638090524,20.991758986909474
drone_cost_cD,2.0,80,80,1.0,487.23295281249995,132.83094838377497,457.6728732670675,516.7930323579324,466.0705939874999,112.91023979422225,440.94365097894763,491.1975369960521,19.469651662500002,32.172522550314085,12.31000748818596,26.629295836814045,0.582248475,1.6864326566915655,0.20695127140112196,0.9575456785988781,1.1104588125,1.8151590433375746,0.706514954825761,1.5144026701742388,0.9,1.1648871298612822,0.6407670679225832,1.1592329320774168,0.036,0.04659548519445128,0.025630682716903323,0.04636931728309667,0.9914999999999999,0.023551720622999022,0.9862588213174822,0.9967411786825177,0.0023290125,0.006745787186977785,0.0008278110987459876,0.0038302139012540122,0.0459338625,0.12136042447281305,0.01892642300842141,0.07294130199157858,0.29447531250000003,0.38417523446932306,0.2089813020417754,0.37996932295822466,0.1125,0.14561089123266027,0.0800958834903229,0.1449041165096771,20.26403075,2.6334660204277713,19.677981595106314,20.850079904893686
drone_cost_cD,3.0,80,80,1.0,488.9235673375,135.31163469184975,458.8114380966751,519.035696578325,481.79325245,123.51431855410787,454.3064873106698,509.2800175893302,5.7874303375,13.65381422869321,2.7489228239300023,8.825937851069998,1.150445075,1.7252243859126604,0.7665151949395533,1.5343749550604464,0.1924396125,0.4581659979299275,0.09047976422208617,0.2943994607779138,0.1625,0.3712363878934856,0.07988538879821115,0.24511461120178885,0.006500000000000001,0.014849455515739428,0.003195415551928446,0.009804584448071555,0.982,0.027668928787597913,0.9758425815229803,0.9881574184770197,0.0062335624999999995,0.015666010038541716,0.0027472627443069072,0.009719862255693091,0.1409273125,0.38234411720448347,0.05584079722768105,0.226013827772319,0.0962197875,0.22908297795067997,0.04523986803754287,0.14719970696245713,0.0203125,0.0464045484866857,0.009985673599776394,0.030639326400223606,20.475107375,2.693339276557856,19.87573407964519,21.07448067035481
drone_cost_cD,4.0,80,80,1.0,490.1147652875,138.98193427520212,459.1858508850876,521.0436796899124,482.3022627,123.59453818143241,454.7976455570994,509.8068798429007,6.701910125,17.843459824155342,2.731042656344725,10.672777593655276,0.9443847125,1.6240283993676614,0.5829748960869652,1.3057945289130348,0.16620775,0.4425188124390514,0.06773001227990653,0.2646854877200934,0.125,0.33280548924392167,0.05093776634957346,0.19906223365042652,0.005,0.013312219569756869,0.002037510653982938,0.007962489346017062,0.9850000000000001,0.026529181449008756,0.9790962198685642,0.990903780131436,0.0037775624999999992,0.006496172044870012,0.002331910227516278,0.0052232147724837205,0.081184425,0.1354528115269346,0.051040878393524544,0.11132797160647546,0.083103875,0.2212594062195257,0.03386500613995327,0.1323427438600467,0.015625,0.04160068615549021,0.006367220793696683,0.024882779206303315,20.7522829125,2.7392053157559584,20.14270263011674,21.36186319488326
