parameter_name,lower_level,higher_level,paired_runs,mean_cost_change_high_minus_low,std_cost_change,cost_change_ci95_low,cost_change_ci95_high,mean_paired_rpd,std_paired_rpd,paired_rpd_ci95_low,paired_rpd_ci95_high,mean_drone_ratio_change,std_drone_ratio_change,drone_ratio_change_ci95_low,drone_ratio_change_ci95_high,higher_better,tie,higher_worse,wilcoxon_p,holm_p,incumbent_inheritance
number_of_drones,0.0,2.0,80,-19.248129224999992,30.92322037752516,-26.129754819658743,-12.36650363034124,-3.0614341581031135,3.703373335865249,-3.8855795227686123,-2.2372887934376147,0.0465,0.03625158224395004,0.03843260555753253,0.05456739444246747,58,22,0,4.362713753543206e-13,2.6176282521259235e-12,True
number_of_drones,2.0,4.0,80,-4.470612712500008,7.6734878291823305,-6.178263778621917,-2.7629616463781,-0.769272412369028,1.207167944966832,-1.037914478936359,-0.500630345801697,0.0325,0.042261991781825534,0.023095054435583847,0.04190494556441615,42,38,0,2.1363274679890436e-10,1.0681637339945218e-09,True
number_of_drones,4.0,6.0,80,-0.44534191249998967,1.2894039006843665,-0.73228469454126,-0.1583991304587194,-0.10912246600696798,0.32468347059133584,-0.18137723294605054,-0.03686769906788542,0.0095,0.02134111145125023,0.004750768290351583,0.014249231709648418,29,51,0,9.084815896518146e-08,3.633926358607258e-07,True
number_of_drones,6.0,8.0,80,-0.5265037750000012,2.1593194818320454,-1.0070367864977487,-0.04597076350225371,-0.13125214949353764,0.5106955659750322,-0.2449018805043084,-0.017602418482766904,0.008,0.03391724851510575,0.0004520860818366954,0.015547913918163306,13,67,0,0.0003170552124922506,0.0006341104249845012,True
number_of_drones,8.0,10.0,80,-0.29623375000000074,1.399909970275357,-0.6077684531794458,0.01530095317944441,-0.07217047068806802,0.3372156645621383,-0.14721414077933917,0.0028731994032031305,0.0009999999999999998,0.014195738351412798,-0.002159106819455375,0.004159106819455375,14,66,0,0.0001869390222484202,0.0005608170667452606,True
number_of_drones,10.0,12.0,80,-0.09908762500000065,0.3923059029688589,-0.18639102709871425,-0.01178422290128707,-0.0249340092692148,0.09327916760075913,-0.045692271163450954,-0.004175747374978646,0.0015,0.014849455515739426,-0.001804584448071554,0.0048045844480715545,8,72,0,0.004696295934399482,0.004696295934399482,True
drone_range,8.0,12.0,80,-1.5330337500000009,2.558807602000223,-2.1024684877393494,-0.9635990122606523,-0.342254767633551,0.5675128782349865,-0.4685485721106155,-0.21596096315648652,0.0035000000000000005,0.03721643845317873,-0.004782112673736144,0.011782112673736144,47,33,0,2.5659510075084002e-11,1.2829755037542e-10,True
drone_range,12.0,16.0,80,-17.884685749999996,39.06329784324428,-26.577796848002716,-9.191574651997275,-2.4083451532225824,4.754966701113047,-3.466511157689302,-1.3501791487558628,0.0365,0.07064082801240712,0.02077965379597462,0.052220346204025374,36,44,0,2.0194714498273106e-09,8.077885799309243e-09,True
drone_range,16.0,20.0,80,-0.6044839125000003,2.1271782056241495,-1.0778642333563162,-0.13110359164368451,-0.13919863632874468,0.49665275523661107,-0.24972329289323614,-0.028673979764253246,0.0005000000000000001,0.02249613187566006,-0.00450626891398659,0.005506268913986591,19,61,0,1.3865128038742171e-05,4.1595384116226515e-05,True
drone_range,20.0,24.0,80,-0.10072708749999962,0.49618726691304293,-0.2111481547124645,0.009693979712465287,-0.022068799000392176,0.10933877191940224,-0.04640095076670612,0.0022633527659217667,0.0009999999999999998,0.008944271909999158,-0.0009904502102301282,0.002990450210230128,7,73,0,0.008172489488737793,0.016344978977475586,True
drone_range,24.0,30.0,80,-0.03507091250000016,0.2909127576752348,-0.09981037542106333,0.029668550421063006,-0.0073763650582956645,0.06118871561051089,-0.020993246686692446,0.006240516570101115,0.0,0.0,0.0,0.0,2,78,0,0.15730741684009697,0.15730741684009697,True
number_of_lockers,2.0,3.0,80,-8.559486087499996,9.70937457766902,-10.720201555879152,-6.398770619120841,-1.5250373247114877,1.4934626636869326,-1.8573911599726052,-1.1926834894503702,0.03300000000000001,0.045350952148323125,0.0229076399794095,0.04309236002059052,59,21,0,3.176464036090342e-13,1.9058784216542053e-12,True
number_of_lockers,3.0,4.0,80,-3.4568270250000053,6.121528294012932,-4.8191064147987515,-2.094547635201259,-0.7797702158633735,1.2493796615169832,-1.0578060397903721,-0.5017343919363748,0.027500000000000004,0.060242127486092596,0.014093771239741476,0.04090622876025853,41,39,0,3.339511464187033e-10,1.6697557320935166e-09,True
number_of_lockers,4.0,5.0,80,-0.7461409124999896,1.8509670374971794,-1.1580534489241696,-0.33422837607580963,-0.17173541121837935,0.4032411791992819,-0.2614723398344875,-0.08199848260227124,-0.0009999999999999998,0.016808677686529067,-0.00474058798429859,0.0027405879842985897,38,42,0,1.2756262469538107e-09,5.102504987815243e-09,True
number_of_lockers,5.0,6.0,80,-1.040661262499998,2.472730513868937,-1.5909404826196982,-0.4903820423802978,-0.22707684183210852,0.5293196563140464,-0.34487116112280325,-0.1092825225414138,-0.0019999999999999996,0.021012353208095757,-0.006676070146495338,0.002676070146495339,17,63,0,3.895260046267898e-05,3.895260046267898e-05,True
number_of_lockers,6.0,8.0,80,-0.12326177500000383,0.24074833925229236,-0.17683769345364178,-0.06968585654636589,-0.025095241009090108,0.04844259883826433,-0.035875613297853194,-0.014314868720327023,0.0,0.0,0.0,0.0,22,58,0,2.99172599615436e-06,5.98345199230872e-06,True
number_of_lockers,8.0,10.0,80,-0.3676251499999985,1.3315751693873537,-0.6639526881734803,-0.07129761182651673,-0.08428879641865047,0.30697789846443907,-0.15260338129296064,-0.015974211544340325,0.0005000000000000001,0.021577062363842874,-0.00430174001309668,0.005301740013096681,29,51,0,9.134554741996299e-08,2.7403664225988896e-07,True
self_pickup_compensation_cW,0.0,1.0,80,2.3240647125000025,6.906865958616702,0.7870169865704335,3.861112438429571,0.5202058370321752,1.5754724052241769,0.16960162779693472,0.8708100462674155,-0.018,0.06851776079458374,-0.0332478807386894,-0.0027521192613105955,20,0,60,2.476365148294371e-05,9.905460593177484e-05,False
self_pickup_compensation_cW,1.0,2.0,80,1.9185852250000093,6.664410334724559,0.4354933551092175,3.4016770948908013,0.40863111113697154,1.5206153177243127,0.07023474871647845,0.7470274735574647,0.006499999999999997,0.06658201376469493,-0.008317101339162528,0.021317101339162522,22,0,58,0.00020079402688021874,0.0006023820806406562,False
self_pickup_compensation_cW,2.0,4.0,80,4.234667437499986,6.1402514033531075,2.8682214238220345,5.601113451177938,0.9641030271731197,1.4014820368132566,0.6522184777230844,1.275987576623155,-0.0365,0.05555473979710507,-0.04886310172824768,-0.024136898271752312,8,2,70,1.1163856963005146e-10,5.581928481502573e-10,False
self_pickup_compensation_cW,4.0,6.0,80,1.4142373000000006,5.87668365659578,0.10644541515689676,2.7220291848431044,0.27895009774360746,1.2400812117240312,0.002983542453724508,0.5549166530334904,-0.013500000000000002,0.03597115581452605,-0.021504988597585113,-0.005495011402414891,27,3,50,0.010700302488337603,0.021400604976675206,False
self_pickup_compensation_cW,6.0,8.0,80,1.1205068375000082,7.051526882440269,-0.44873360004813345,2.68974727504815,0.21392309108256508,1.5265457710556427,-0.125793029077729,0.5536392112428592,-4.336808689942018e-19,0.028462722678592803,-0.0063340686541507665,0.0063340686541507665,25,1,54,0.0431653926158423,0.0431653926158423,False
delay_penalty_cP,1.0,5.0,80,6.9194326875000005,8.343956272675193,5.062576178192593,8.776289196807408,1.6879788865542635,2.0128610080443403,1.2400386118241473,2.13591916128438,0.0065000000000000014,0.051091875546269025,-0.00486993993982147,0.017869939939821472,12,1,67,8.580318775623048e-12,4.290159387811524e-11,False
delay_penalty_cP,5.0,10.0,80,2.7502267875000017,7.055583352362299,1.1800836267911217,4.3203699482088815,0.6888745430022836,1.6083891868758635,0.3309450628430396,1.0468040231615277,0.010499999999999999,0.05121065949164899,-0.0008963740119776655,0.021896374011977665,14,14,52,7.4347997536520085e-06,2.9739199014608034e-05,False
delay_penalty_cP,10.0,20.0,80,1.7094434375000005,7.391694946278856,0.06450230558632297,3.354384569413678,0.4483979026125796,1.6785289108464614,0.0748595914911771,0.8219362137339821,-0.0115,0.058744242917492494,-0.024572890878263073,0.0015728908782630755,19,16,45,0.005691911380706061,0.017075734142118184,False
delay_penalty_cP,20.0,30.0,80,0.25277211250000065,6.307654396391715,-1.1509276123843766,1.6564718373843779,0.05674786985397103,1.3943101769023165,-0.25354066035479855,0.3670364000627406,-0.013000000000000001,0.057200513408335894,-0.025729350704511864,-0.0002706492954881387,28,22,30,0.6819626527807037,1.0,False
delay_penalty_cP,30.0,50.0,80,0.7507131125000018,8.328038562550992,-1.102601083941483,2.6040273089414865,0.21544924373536772,1.8776432676431638,-0.20239979690475207,0.6332982843754875,0.0035000000000000005,0.049378414799396565,-0.007488627929391583,0.014488627929391585,28,20,32,0.5106958600738849,1.0,False
drone_cost_cD,0.4,0.8,80,20.862219350000004,10.541216183277534,18.516386600368406,23.2080520996316,4.9145089767365135,2.545404315889227,4.3480569942092,5.480960959263827,-0.0685,0.07064082801240712,-0.08422034620402538,-0.05277965379597463,1,0,79,9.705543051771215e-15,4.8527715258856076e-14,False
drone_cost_cD,0.8,1.0,80,6.345165187500006,7.8751297204746695,4.592640916610549,8.097689458389464,1.3184221125393647,1.6637414031521969,0.9481746000536704,1.688669625025059,-0.0295,0.07079834082301038,-0.04525539896294572,-0.013744601037054278,12,0,68,1.2890810246310255e-09,3.867243073893077e-09,False
drone_cost_cD,1.0,2.0,80,14.211452224999999,18.398926964154107,10.116971599599069,18.30593285040093,2.7224246394938056,2.913726391087477,2.074006594285508,3.370842684702103,-0.071,0.05655959106793605,-0.08358672042448159,-0.0584132795755184,10,3,67,3.3756990615544465e-11,1.3502796246217786e-10,False
drone_cost_cD,2.0,3.0,80,1.6906145249999902,6.513434463997033,0.2411206893207174,3.140108360679263,0.2710692135400025,1.2617487862227756,-0.009719224251908132,0.5518576513319131,-0.029500000000000005,0.038579196860221786,-0.03808537970151505,-0.02091462029848496,23,9,48,0.004382494507213477,0.008764989014426953,False
drone_cost_cD,3.0,4.0,80,1.1911979499999952,6.444272781281464,-0.24290470713659773,2.6253006071365883,0.11843797772314521,1.1263583328833753,-0.1322207905971464,0.3690967460434368,-0.0015,0.007647287928293785,-0.003201820563789649,0.00020182056378964855,25,32,23,0.8523394400851172,0.8523394400851172,False
