instance_name,parameter_name,parameter_value,seed,n_iterations,xi_min,xi_max,cooling_rate,segment_size,total_cost,rider_cost,drone_cost,delay_cost,self_pickup_cost,drone_served_orders,drone_mode_ratio,on_time_rate,average_delay,max_delay,average_walking_distance,drone_utilization,feasible,cpu_time,incumbent_inherited,initial_incumbent_cost
RDL-n25-01,drone_range,8,1,10000,0.1,0.4,0.997,100,254.609666,229.182622,21.203031,0.0,4.224014,4,0.16,1.0,0.0,0.0,0.528002,0.5,True,19.997425,False,
RDL-n25-01,drone_range,12,1,10000,0.1,0.4,0.997,100,251.988272,226.118757,21.203031,0.0,4.666484,4,0.16,1.0,0.0,0.0,0.583311,0.5,True,20.580223,False,
RDL-n25-01,drone_range,16,1,10000,0.1,0.4,0.997,100,251.988272,226.118757,21.203031,0.0,4.666484,4,0.16,1.0,0.0,0.0,0.583311,0.5,True,20.588938,False,
RDL-n25-01,drone_range,20,1,10000,0.1,0.4,0.997,100,251.988272,226.118757,21.203031,0.0,4.666484,4,0.16,1.0,0.0,0.0,0.583311,0.5,True,20.789899,False,
RDL-n25-01,drone_range,24,1,10000,0.1,0.4,0.997,100,251.988272,226.118757,21.203031,0.0,4.666484,4,0.16,1.0,0.0,0.0,0.583311,0.5,True,20.688279,False,
RDL-n25-01,drone_range,30,1,10000,0.1,0.4,0.997,100,251.988272,226.118757,21.203031,0.0,4.666484,4,0.16,1.0,0.0,0.0,0.583311,0.5,True,20.850042,False,
RDL-n25-01,drone_range,8,2,10000,0.1,0.4,0.997,100,254.312368,228.885323,21.203031,0.0,4.224014,4,0.16,1.0,0.0,0.0,0.528002,0.5,True,20.567137,False,
RDL-n25-01,drone_range,12,2,10000,0.1,0.4,0.997,100,256.667319,250.252008,5.464943,0.0,0.950368,1,0.04,1.0,0.0,0.0,0.475184,0.125,True,21.168809,False,
RDL-n25-01,drone_range,16,2,10000,0.1,0.4,0.997,100,256.667319,250.252008,5.464943,0.0,0.950368,1,0.04,1.0,0.0,0.0,0.475184,0.125,True,20.924326,False,
RDL-n25-01,drone_range,20,2,10000,0.1,0.4,0.997,100,256.667319,250.252008,5.464943,0.0,0.950368,1,0.04,1.0,0.0,0.0,0.475184,0.125,True,20.824171,False,
RDL-n25-01,drone_range,24,2,10000,0.1,0.4,0.997,100,256.667319,250.252008,5.464943,0.0,0.950368,1,0.04,1.0,0.0,0.0,0.475184,0.125,True,22.659293,False,
RDL-n25-01,drone_range,30,2,10000,0.1,0.4,0.997,100,256.667319,250.252008,5.464943,0.0,0.950368,1,0.04,1.0,0.0,0.0,0.475184,0.125,True,21.046498,False,
RDL-n25-01,drone_range,8,3,10000,0.1,0.4,0.997,100,253.214412,227.44886,21.203031,0.0,4.562521,4,0.16,1.0,0.0,0.0,0.570315,0.5,True,20.195534,False,
RDL-n25-01,drone_range,12,3,10000,0.1,0.4,0.997,100,255.281276,244.456392,9.221111,0.0,1.603773,2,0.08,1.0,0.0,0.0,0.400943,0.25,True,21.667254,False,
RDL-n25-01,drone_range,16,3,10000,0.1,0.4,0.997,100,255.281276,244.456392,9.221111,0.0,1.603773,2,0.08,1.0,0.0,0.0,0.400943,0.25,True,22.002453,False,
RDL-n25-01,drone_range,20,3,10000,0.1,0.4,0.997,100,255.281276,244.456392,9.221111,0.0,1.603773,2,0.08,1.0,0.0,0.0,0.400943,0.25,True,21.167037,False,
RDL-n25-01,drone_range,24,3,10000,0.1,0.4,0.997,100,255.281276,244.456392,9.221111,0.0,1.603773,2,0.08,1.0,0.0,0.0,0.400943,0.25,True,21.081954,False,
RDL-n25-01,drone_range,30,3,10000,0.1,0.4,0.997,100,255.281276,244.456392,9.221111,0.0,1.603773,2,0.08,1.0,0.0,0.0,0.400943,0.25,True,21.160789,False,
RDL-n25-01,drone_range,8,4,10000,0.1,0.4,0.997,100,252.90816,227.142608,21.203031,0.0,4.562521,4,0.16,0.96,0.006029,0.150729,0.570315,0.5,True,20.870274,False,
RDL-n25-01,drone_range,12,4,10000,0.1,0.4,0.997,100,253.734304,227.864789,21.203031,0.0,4.666484,4,0.16,1.0,0.0,0.0,0.583311,0.5,True,21.071414,False,
RDL-n25-01,drone_range,16,4,10000,0.1,0.4,0.997,100,253.734304,227.864789,21.203031,0.0,4.666484,4,0.16,1.0,0.0,0.0,0.583311,0.5,True,20.823336,False,
RDL-n25-01,drone_range,20,4,10000,0.1,0.4,0.997,100,253.734304,227.864789,21.203031,0.0,4.666484,4,0.16,1.0,0.0,0.0,0.583311,0.5,True,21.137046,False,
RDL-n25-01,drone_range,24,4,10000,0.1,0.4,0.997,100,253.734304,227.864789,21.203031,0.0,4.666484,4,0.16,1.0,0.0,0.0,0.583311,0.5,True,21.363905,False,
RDL-n25-01,drone_range,30,4,10000,0.1,0.4,0.997,100,253.734304,227.864789,21.203031,0.0,4.666484,4,0.16,1.0,0.0,0.0,0.583311,0.5,True,21.128879,False,
RDL-n25-01,drone_range,8,5,10000,0.1,0.4,0.997,100,252.602095,226.73258,21.203031,0.0,4.666484,4,0.16,1.0,0.0,0.0,0.583311,0.5,True,20.183673,False,
RDL-n25-01,drone_range,12,5,10000,0.1,0.4,0.997,100,252.242704,227.423683,21.203031,0.0,3.61599,4,0.16,1.0,0.0,0.0,0.451999,0.5,True,21.226934,False,
RDL-n25-01,drone_range,16,5,10000,0.1,0.4,0.997,100,252.242704,227.423683,21.203031,0.0,3.61599,4,0.16,1.0,0.0,0.0,0.451999,0.5,True,21.538496,False,
RDL-n25-01,drone_range,20,5,10000,0.1,0.4,0.997,100,252.242704,227.423683,21.203031,0.0,3.61599,4,0.16,1.0,0.0,0.0,0.451999,0.5,True,21.647739,False,
RDL-n25-01,drone_range,24,5,10000,0.1,0.4,0.997,100,252.242704,227.423683,21.203031,0.0,3.61599,4,0.16,1.0,0.0,0.0,0.451999,0.5,True,21.044328,False,
RDL-n25-01,drone_range,30,5,10000,0.1,0.4,0.997,100,252.242704,227.423683,21.203031,0.0,3.61599,4,0.16,1.0,0.0,0.0,0.451999,0.5,True,21.90591,False,
RDL-n25-01,drone_range,8,6,10000,0.1,0.4,0.997,100,254.450442,243.625558,9.221111,0.0,1.603773,2,0.08,1.0,0.0,0.0,0.400943,0.25,True,20.047994,False,
RDL-n25-01,drone_range,12,6,10000,0.1,0.4,0.997,100,256.924805,250.509494,5.464943,0.0,0.950368,1,0.04,1.0,0.0,0.0,0.475184,0.125,True,20.977279,False,
RDL-n25-01,drone_range,16,6,10000,0.1,0.4,0.997,100,256.924805,250.509494,5.464943,0.0,0.950368,1,0.04,1.0,0.0,0.0,0.475184,0.125,True,21.280077,False,
RDL-n25-01,drone_range,20,6,10000,0.1,0.4,0.997,100,256.924805,250.509494,5.464943,0.0,0.950368,1,0.04,1.0,0.0,0.0,0.475184,0.125,True,20.634385,False,
RDL-n25-01,drone_range,24,6,10000,0.1,0.4,0.997,100,256.924805,250.509494,5.464943,0.0,0.950368,1,0.04,1.0,0.0,0.0,0.475184,0.125,True,21.345706,False,
RDL-n25-01,drone_range,30,6,10000,0.1,0.4,0.997,100,256.924805,250.509494,5.464943,0.0,0.950368,1,0.04,1.0,0.0,0.0,0.475184,0.125,True,21.281557,False,
RDL-n25-01,drone_range,8,7,10000,0.1,0.4,0.997,100,252.014401,226.144885,21.203031,0.0,4.666484,4,0.16,1.0,0.0,0.0,0.583311,0.5,True,20.24009,False,
RDL-n25-01,drone_range,12,7,10000,0.1,0.4,0.997,100,254.424313,243.599429,9.221111,0.0,1.603773,2,0.08,1.0,0.0,0.0,0.400943,0.25,True,20.671572,False,
RDL-n25-01,drone_range,16,7,10000,0.1,0.4,0.997,100,254.424313,243.599429,9.221111,0.0,1.603773,2,0.08,1.0,0.0,0.0,0.400943,0.25,True,20.442595,False,
RDL-n25-01,drone_range,20,7,10000,0.1,0.4,0.997,100,254.424313,243.599429,9.221111,0.0,1.603773,2,0.08,1.0,0.0,0.0,0.400943,0.25,True,20.530708,False,
RDL-n25-01,drone_range,24,7,10000,0.1,0.4,0.997,100,254.424313,243.599429,9.221111,0.0,1.603773,2,0.08,1.0,0.0,0.0,0.400943,0.25,True,20.42961,False,
RDL-n25-01,drone_range,30,7,10000,0.1,0.4,0.997,100,254.424313,243.599429,9.221111,0.0,1.603773,2,0.08,1.0,0.0,0.0,0.400943,0.25,True,20.449774,False,
RDL-n25-01,drone_range,8,8,10000,0.1,0.4,0.997,100,252.268833,227.449812,21.203031,0.0,3.61599,4,0.16,1.0,0.0,0.0,0.451999,0.5,True,20.213796,False,
RDL-n25-01,drone_range,12,8,10000,0.1,0.4,0.997,100,254.623823,243.798939,9.221111,0.0,1.603773,2,0.08,1.0,0.0,0.0,0.400943,0.25,True,20.527748,False,
RDL-n25-01,drone_range,16,8,10000,0.1,0.4,0.997,100,254.623823,243.798939,9.221111,0.0,1.603773,2,0.08,1.0,0.0,0.0,0.400943,0.25,True,20.551277,False,
RDL-n25-01,drone_range,20,8,10000,0.1,0.4,0.997,100,254.623823,243.798939,9.221111,0.0,1.603773,2,0.08,1.0,0.0,0.0,0.400943,0.25,True,20.521219,False,
RDL-n25-01,drone_range,24,8,10000,0.1,0.4,0.997,100,254.623823,243.798939,9.221111,0.0,1.603773,2,0.08,1.0,0.0,0.0,0.400943,0.25,True,20.544889,False,
RDL-n25-01,drone_range,30,8,10000,0.1,0.4,0.997,100,254.623823,243.798939,9.221111,0.0,1.603773,2,0.08,1.0,0.0,0.0,0.400943,0.25,True,20.612526,False,
RDL-n25-01,drone_range,8,9,10000,0.1,0.4,0.997,100,252.014401,226.144885,21.203031,0.0,4.666484,4,0.16,1.0,0.0,0.0,0.583311,0.5,True,19.902008,False,
RDL-n25-01,drone_range,12,9,10000,0.1,0.4,0.997,100,255.183032,229.628835,21.161178,0.0,4.393019,3,0.12,1.0,0.0,0.0,0.73217,0.375,True,20.250928,False,
RDL-n25-01,drone_range,16,9,10000,0.1,0.4,0.997,100,255.183032,229.628835,21.161178,0.0,4.393019,3,0.12,1.0,0.0,0.0,0.73217,0.375,True,20.237849,False,
RDL-n25-01,drone_range,20,9,10000,0.1,0.4,0.997,100,255.183032,229.628835,21.161178,0.0,4.393019,3,0.12,1.0,0.0,0.0,0.73217,0.375,True,20.268937,False,
RDL-n25-01,drone_range,24,9,10000,0.1,0.4,0.997,100,255.183032,229.628835,21.161178,0.0,4.393019,3,0.12,1.0,0.0,0.0,0.73217,0.375,True,20.251596,False,
RDL-n25-01,drone_range,30,9,10000,0.1,0.4,0.997,100,255.183032,229.628835,21.161178,0.0,4.393019,3,0.12,1.0,0.0,0.0,0.73217,0.375,True,20.223464,False,
RDL-n25-01,drone_range,8,10,10000,0.1,0.4,0.997,100,253.896008,242.124593,9.221111,0.0,2.550303,2,0.08,1.0,0.0,0.0,0.637576,0.25,True,20.169806,False,
RDL-n25-01,drone_range,12,10,10000,0.1,0.4,0.997,100,254.609666,229.182622,21.203031,0.0,4.224014,4,0.16,1.0,0.0,0.0,0.528002,0.5,True,20.414375,False,
RDL-n25-01,drone_range,16,10,10000,0.1,0.4,0.997,100,254.609666,229.182622,21.203031,0.0,4.224014,4,0.16,1.0,0.0,0.0,0.528002,0.5,True,20.413252,False,
RDL-n25-01,drone_range,20,10,10000,0.1,0.4,0.997,100,254.609666,229.182622,21.203031,0.0,4.224014,4,0.16,1.0,0.0,0.0,0.528002,0.5,True,20.485453,False,
RDL-n25-01,drone_range,24,10,10000,0.1,0.4,0.997,100,254.609666,229.182622,21.203031,0.0,4.224014,4,0.16,1.0,0.0,0.0,0.528002,0.5,True,20.605445,False,
RDL-n25-01,drone_range,30,10,10000,0.1,0.4,0.997,100,254.609666,229.182622,21.203031,0.0,4.224014,4,0.16,1.0,0.0,0.0,0.528002,0.5,True,20.915215,False,
RDL-n25-02,drone_range,8,1,10000,0.1,0.4,0.997,100,503.528985,469.965389,28.44295,2.633193,2.487453,4,0.16,0.92,0.010533,0.23166,0.310932,0.5,True,21.611645,False,
RDL-n25-02,drone_range,12,1,10000,0.1,0.4,0.997,100,503.528985,469.965389,28.44295,2.633193,2.487453,4,0.16,0.92,0.010533,0.23166,0.310932,0.5,True,21.754276,False,
RDL-n25-02,drone_range,16,1,10000,0.1,0.4,0.997,100,489.036215,440.734914,36.45335,4.53118,7.31677,3,0.12,0.92,0.018125,0.320578,1.219462,0.375,True,22.76112,False,
RDL-n25-02,drone_range,20,1,10000,0.1,0.4,0.997,100,489.036215,440.734914,36.45335,4.53118,7.31677,3,0.12,0.92,0.018125,0.320578,1.219462,0.375,True,22.496762,False,
RDL-n25-02,drone_range,24,1,10000,0.1,0.4,0.997,100,489.036215,440.734914,36.45335,4.53118,7.31677,3,0.12,0.92,0.018125,0.320578,1.219462,0.375,True,22.70344,False,
RDL-n25-02,drone_range,30,1,10000,0.1,0.4,0.997,100,489.036215,440.734914,36.45335,4.53118,7.31677,3,0.12,0.92,0.018125,0.320578,1.219462,0.375,True,21.892061,False,
RDL-n25-02,drone_range,8,2,10000,0.1,0.4,0.997,100,502.892748,469.329152,28.44295,2.633193,2.487453,4,0.16,0.92,0.010533,0.23166,0.310932,0.5,True,22.092765,False,
RDL-n25-02,drone_range,12,2,10000,0.1,0.4,0.997,100,502.892748,469.329152,28.44295,2.633193,2.487453,4,0.16,0.92,0.010533,0.23166,0.310932,0.5,True,23.308966,False,
RDL-n25-02,drone_range,16,2,10000,0.1,0.4,0.997,100,478.159873,428.125667,43.344968,0.0,6.689238,4,0.16,1.0,0.0,0.0,0.836155,0.5,True,22.757913,False,
RDL-n25-02,drone_range,20,2,10000,0.1,0.4,0.997,100,478.159873,428.125667,43.344968,0.0,6.689238,4,0.16,1.0,0.0,0.0,0.836155,0.5,True,22.549041,False,
RDL-n25-02,drone_range,24,2,10000,0.1,0.4,0.997,100,478.159873,428.125667,43.344968,0.0,6.689238,4,0.16,1.0,0.0,0.0,0.836155,0.5,True,23.312916,False,
RDL-n25-02,drone_range,30,2,10000,0.1,0.4,0.997,100,478.159873,428.125667,43.344968,0.0,6.689238,4,0.16,1.0,0.0,0.0,0.836155,0.5,True,22.607071,False,
RDL-n25-02,drone_range,8,3,10000,0.1,0.4,0.997,100,509.525777,504.994597,0.0,4.53118,0.0,0,0.0,0.92,0.018125,0.320578,0.0,0.0,True,21.792116,False,
RDL-n25-02,drone_range,12,3,10000,0.1,0.4,0.997,100,509.525777,504.994597,0.0,4.53118,0.0,0,0.0,0.92,0.018125,0.320578,0.0,0.0,True,21.44394,False,
RDL-n25-02,drone_range,16,3,10000,0.1,0.4,0.997,100,489.036215,440.734914,36.45335,4.53118,7.31677,3,0.12,0.92,0.018125,0.320578,1.219462,0.375,True,21.798789,False,
RDL-n25-02,drone_range,20,3,10000,0.1,0.4,0.997,100,489.036215,440.734914,36.45335,4.53118,7.31677,3,0.12,0.92,0.018125,0.320578,1.219462,0.375,True,21.572308,False,
RDL-n25-02,drone_range,24,3,10000,0.1,0.4,0.997,100,489.036215,440.734914,36.45335,4.53118,7.31677,3,0.12,0.92,0.018125,0.320578,1.219462,0.375,True,21.537179,False,
RDL-n25-02,drone_range,30,3,10000,0.1,0.4,0.997,100,489.036215,440.734914,36.45335,4.53118,7.31677,3,0.12,0.92,0.018125,0.320578,1.219462,0.375,True,21.482018,False,
RDL-n25-02,drone_range,8,4,10000,0.1,0.4,0.997,100,502.892748,469.329152,28.44295,2.633193,2.487453,4,0.16,0.92,0.010533,0.23166,0.310932,0.5,True,20.711742,False,
RDL-n25-02,drone_range,12,4,10000,0.1,0.4,0.997,100,502.892748,469.329152,28.44295,2.633193,2.487453,4,0.16,0.92,0.010533,0.23166,0.310932,0.5,True,20.670437,False,
RDL-n25-02,drone_range,16,4,10000,0.1,0.4,0.997,100,478.307189,428.272982,43.344968,0.0,6.689238,4,0.16,1.0,0.0,0.0,0.836155,0.5,True,21.493741,False,
RDL-n25-02,drone_range,20,4,10000,0.1,0.4,0.997,100,478.307189,428.272982,43.344968,0.0,6.689238,4,0.16,1.0,0.0,0.0,0.836155,0.5,True,21.553269,False,
RDL-n25-02,drone_range,24,4,10000,0.1,0.4,0.997,100,478.307189,428.272982,43.344968,0.0,6.689238,4,0.16,1.0,0.0,0.0,0.836155,0.5,True,21.555086,False,
RDL-n25-02,drone_range,30,4,10000,0.1,0.4,0.997,100,478.307189,428.272982,43.344968,0.0,6.689238,4,0.16,1.0,0.0,0.0,0.836155,0.5,True,21.525297,False,
RDL-n25-02,drone_range,8,5,10000,0.1,0.4,0.997,100,492.348124,482.950832,6.891618,0.0,2.505674,1,0.04,1.0,0.0,0.0,1.252837,0.125,True,19.629115,False,
RDL-n25-02,drone_range,12,5,10000,0.1,0.4,0.997,100,492.348124,482.950832,6.891618,0.0,2.505674,1,0.04,1.0,0.0,0.0,1.252837,0.125,True,19.654385,False,
RDL-n25-02,drone_range,16,5,10000,0.1,0.4,0.997,100,475.963613,424.595307,43.783207,0.0,7.585098,4,0.16,1.0,0.0,0.0,0.948137,0.5,True,21.6093,False,
RDL-n25-02,drone_range,20,5,10000,0.1,0.4,0.997,100,475.963613,424.595307,43.783207,0.0,7.585098,4,0.16,1.0,0.0,0.0,0.948137,0.5,True,21.634361,False,
RDL-n25-02,drone_range,24,5,10000,0.1,0.4,0.997,100,475.963613,424.595307,43.783207,0.0,7.585098,4,0.16,1.0,0.0,0.0,0.948137,0.5,True,21.606391,False,
RDL-n25-02,drone_range,30,5,10000,0.1,0.4,0.997,100,475.963613,424.595307,43.783207,0.0,7.585098,4,0.16,1.0,0.0,0.0,0.948137,0.5,True,21.535283,False,
RDL-n25-02,drone_range,8,6,10000,0.1,0.4,0.997,100,497.450894,460.650139,27.566472,4.53118,4.703103,4,0.16,0.92,0.018125,0.320578,0.587888,0.5,True,20.398605,False,
RDL-n25-02,drone_range,12,6,10000,0.1,0.4,0.997,100,497.450894,460.650139,27.566472,4.53118,4.703103,4,0.16,0.92,0.018125,0.320578,0.587888,0.5,True,20.473464,False,
RDL-n25-02,drone_range,16,6,10000,0.1,0.4,0.997,100,477.81652,410.770466,58.44292,0.0,8.603133,6,0.24,1.0,0.0,0.0,0.716928,0.75,True,21.640859,False,
RDL-n25-02,drone_range,20,6,10000,0.1,0.4,0.997,100,477.81652,410.770466,58.44292,0.0,8.603133,6,0.24,1.0,0.0,0.0,0.716928,0.75,True,21.703828,False,
RDL-n25-02,drone_range,24,6,10000,0.1,0.4,0.997,100,477.81652,410.770466,58.44292,0.0,8.603133,6,0.24,1.0,0.0,0.0,0.716928,0.75,True,21.625091,False,
RDL-n25-02,drone_range,30,6,10000,0.1,0.4,0.997,100,477.81652,410.770466,58.44292,0.0,8.603133,6,0.24,1.0,0.0,0.0,0.716928,0.75,True,21.62028,False,
RDL-n25-02,drone_range,8,7,10000,0.1,0.4,0.997,100,510.129086,464.339762,34.45809,4.53118,6.800053,5,0.2,0.92,0.018125,0.320578,0.680005,0.625,True,20.928047,False,
RDL-n25-02,drone_range,12,7,10000,0.1,0.4,0.997,100,510.129086,464.339762,34.45809,4.53118,6.800053,5,0.2,0.92,0.018125,0.320578,0.680005,0.625,True,20.952135,False,
RDL-n25-02,drone_range,16,7,10000,0.1,0.4,0.997,100,478.852824,404.642397,58.44292,7.164374,8.603133,6,0.24,0.84,0.028657,0.320578,0.716928,0.75,True,21.568048,False,
RDL-n25-02,drone_range,20,7,10000,0.1,0.4,0.997,100,478.852824,404.642397,58.44292,7.164374,8.603133,6,0.24,0.84,0.028657,0.320578,0.716928,0.75,True,21.530985,False,
RDL-n25-02,drone_range,24,7,10000,0.1,0.4,0.997,100,478.852824,404.642397,58.44292,7.164374,8.603133,6,0.24,0.84,0.028657,0.320578,0.716928,0.75,True,21.552488,False,
RDL-n25-02,drone_range,30,7,10000,0.1,0.4,0.997,100,478.852824,404.642397,58.44292,7.164374,8.603133,6,0.24,0.84,0.028657,0.320578,0.716928,0.75,True,21.582957,False,
RDL-n25-02,drone_range,8,8,10000,0.1,0.4,0.997,100,501.642257,497.111076,0.0,4.53118,0.0,0,0.0,0.92,0.018125,0.320578,0.0,0.0,True,20.107471,False,
RDL-n25-02,drone_range,12,8,10000,0.1,0.4,0.997,100,501.642257,497.111076,0.0,4.53118,0.0,0,0.0,0.92,0.018125,0.320578,0.0,0.0,True,20.139553,False,
RDL-n25-02,drone_range,16,8,10000,0.1,0.4,0.997,100,478.159873,428.125667,43.344968,0.0,6.689238,4,0.16,1.0,0.0,0.0,0.836155,0.5,True,21.473252,False,
RDL-n25-02,drone_range,20,8,10000,0.1,0.4,0.997,100,478.159873,428.125667,43.344968,0.0,6.689238,4,0.16,1.0,0.0,0.0,0.836155,0.5,True,21.561597,False,
RDL-n25-02,drone_range,24,8,10000,0.1,0.4,0.997,100,478.159873,428.125667,43.344968,0.0,6.689238,4,0.16,1.0,0.0,0.0,0.836155,0.5,True,21.526073,False,
RDL-n25-02,drone_range,30,8,10000,0.1,0.4,0.997,100,478.159873,428.125667,43.344968,0.0,6.689238,4,0.16,1.0,0.0,0.0,0.836155,0.5,True,21.52244,False,
RDL-n25-02,drone_range,8,9,10000,0.1,0.4,0.997,100,500.086941,454.297617,34.45809,4.53118,6.800053,5,0.2,0.92,0.018125,0.320578,0.680005,0.625,True,21.051217,False,
RDL-n25-02,drone_range,12,9,10000,0.1,0.4,0.997,100,500.086941,454.297617,34.45809,4.53118,6.800053,5,0.2,0.92,0.018125,0.320578,0.680005,0.625,True,21.089731,False,
RDL-n25-02,drone_range,16,9,10000,0.1,0.4,0.997,100,478.025982,410.887516,58.44292,0.092413,8.603133,6,0.24,0.96,0.00037,0.009241,0.716928,0.75,True,21.477238,False,
RDL-n25-02,drone_range,20,9,10000,0.1,0.4,0.997,100,478.025982,410.887516,58.44292,0.092413,8.603133,6,0.24,0.96,0.00037,0.009241,0.716928,0.75,True,21.647792,False,
RDL-n25-02,drone_range,24,9,10000,0.1,0.4,0.997,100,478.025982,410.887516,58.44292,0.092413,8.603133,6,0.24,0.96,0.00037,0.009241,0.716928,0.75,True,21.676059,False,
RDL-n25-02,drone_range,30,9,10000,0.1,0.4,0.997,100,478.025982,410.887516,58.44292,0.092413,8.603133,6,0.24,0.96,0.00037,0.009241,0.716928,0.75,True,21.514798,False,
RDL-n25-02,drone_range,8,10,10000,0.1,0.4,0.997,100,496.172898,476.389064,13.783236,4.53118,1.469418,2,0.08,0.92,0.018125,0.320578,0.367355,0.25,True,21.062736,False,
RDL-n25-02,drone_range,12,10,10000,0.1,0.4,0.997,100,496.172898,476.389064,13.783236,4.53118,1.469418,2,0.08,0.92,0.018125,0.320578,0.367355,0.25,True,21.019795,False,
RDL-n25-02,drone_range,16,10,10000,0.1,0.4,0.997,100,489.343293,441.041992,36.45335,4.53118,7.31677,3,0.12,0.92,0.018125,0.320578,1.219462,0.375,True,22.392205,False,
RDL-n25-02,drone_range,20,10,10000,0.1,0.4,0.997,100,489.343293,441.041992,36.45335,4.53118,7.31677,3,0.12,0.92,0.018125,0.320578,1.219462,0.375,True,21.683563,False,
RDL-n25-02,drone_range,24,10,10000,0.1,0.4,0.997,100,489.343293,441.041992,36.45335,4.53118,7.31677,3,0.12,0.92,0.018125,0.320578,1.219462,0.375,True,21.651217,False,
RDL-n25-02,drone_range,30,10,10000,0.1,0.4,0.997,100,489.343293,441.041992,36.45335,4.53118,7.31677,3,0.12,0.92,0.018125,0.320578,1.219462,0.375,True,21.584809,False,
RDL-n25-03,drone_range,8,1,10000,0.1,0.4,0.997,100,436.115321,431.581426,2.285607,0.0,2.248288,1,0.04,1.0,0.0,0.0,1.124144,0.125,True,18.049547,False,
RDL-n25-03,drone_range,12,1,10000,0.1,0.4,0.997,100,461.413883,461.413883,0.0,0.0,0.0,0,0.0,1.0,0.0,0.0,0.0,0.0,True,16.591902,False,
RDL-n25-03,drone_range,16,1,10000,0.1,0.4,0.997,100,461.413883,461.413883,0.0,0.0,0.0,0,0.0,1.0,0.0,0.0,0.0,0.0,True,16.594332,False,
RDL-n25-03,drone_range,20,1,10000,0.1,0.4,0.997,100,436.379128,416.176536,18.97687,0.0,1.225722,2,0.08,1.0,0.0,0.0,0.30643,0.25,True,16.181462,False,
RDL-n25-03,drone_range,24,1,10000,0.1,0.4,0.997,100,436.379128,416.176536,18.97687,0.0,1.225722,2,0.08,1.0,0.0,0.0,0.30643,0.25,True,16.466371,False,
RDL-n25-03,drone_range,30,1,10000,0.1,0.4,0.997,100,436.379128,416.176536,18.97687,0.0,1.225722,2,0.08,1.0,0.0,0.0,0.30643,0.25,True,16.442266,False,
RDL-n25-03,drone_range,8,2,10000,0.1,0.4,0.997,100,440.154102,440.154102,0.0,0.0,0.0,0,0.0,1.0,0.0,0.0,0.0,0.0,True,18.970308,False,
RDL-n25-03,drone_range,12,2,10000,0.1,0.4,0.997,100,454.229301,449.695406,2.285607,0.0,2.248288,1,0.04,1.0,0.0,0.0,1.124144,0.125,True,17.819617,False,
RDL-n25-03,drone_range,16,2,10000,0.1,0.4,0.997,100,454.229301,449.695406,2.285607,0.0,2.248288,1,0.04,1.0,0.0,0.0,1.124144,0.125,True,18.02793,False,
RDL-n25-03,drone_range,20,2,10000,0.1,0.4,0.997,100,454.208278,416.548068,35.837831,0.0,1.822379,3,0.12,1.0,0.0,0.0,0.30373,0.375,True,16.595404,False,
RDL-n25-03,drone_range,24,2,10000,0.1,0.4,0.997,100,454.208278,416.548068,35.837831,0.0,1.822379,3,0.12,1.0,0.0,0.0,0.30373,0.375,True,16.946542,False,
RDL-n25-03,drone_range,30,2,10000,0.1,0.4,0.997,100,454.208278,416.548068,35.837831,0.0,1.822379,3,0.12,1.0,0.0,0.0,0.30373,0.375,True,16.823697,False,
RDL-n25-03,drone_range,8,3,10000,0.1,0.4,0.997,100,434.959971,430.426076,2.285607,0.0,2.248288,1,0.04,1.0,0.0,0.0,1.124144,0.125,True,18.586714,False,
RDL-n25-03,drone_range,12,3,10000,0.1,0.4,0.997,100,439.86203,430.906924,4.571214,0.0,4.383891,2,0.08,1.0,0.0,0.0,1.095973,0.25,True,16.961877,False,
RDL-n25-03,drone_range,16,3,10000,0.1,0.4,0.997,100,439.86203,430.906924,4.571214,0.0,4.383891,2,0.08,1.0,0.0,0.0,1.095973,0.25,True,16.398165,False,
RDL-n25-03,drone_range,20,3,10000,0.1,0.4,0.997,100,435.566096,415.363504,18.97687,0.0,1.225722,2,0.08,1.0,0.0,0.0,0.30643,0.25,True,16.367517,False,
RDL-n25-03,drone_range,24,3,10000,0.1,0.4,0.997,100,435.566096,415.363504,18.97687,0.0,1.225722,2,0.08,1.0,0.0,0.0,0.30643,0.25,True,16.241476,False,
RDL-n25-03,drone_range,30,3,10000,0.1,0.4,0.997,100,435.566096,415.363504,18.97687,0.0,1.225722,2,0.08,1.0,0.0,0.0,0.30643,0.25,True,16.407904,False,
RDL-n25-03,drone_range,8,4,10000,0.1,0.4,0.997,100,440.733882,436.199986,2.285607,0.0,2.248288,1,0.04,1.0,0.0,0.0,1.124144,0.125,True,19.275836,False,
RDL-n25-03,drone_range,12,4,10000,0.1,0.4,0.997,100,435.302511,430.768615,2.285607,0.0,2.248288,1,0.04,1.0,0.0,0.0,1.124144,0.125,True,16.985551,False,
RDL-n25-03,drone_range,16,4,10000,0.1,0.4,0.997,100,435.302511,430.768615,2.285607,0.0,2.248288,1,0.04,1.0,0.0,0.0,1.124144,0.125,True,17.721105,False,
RDL-n25-03,drone_range,20,4,10000,0.1,0.4,0.997,100,459.448755,434.712268,21.262477,0.0,3.47401,3,0.12,1.0,0.0,0.0,0.579002,0.375,True,16.724256,False,
RDL-n25-03,drone_range,24,4,10000,0.1,0.4,0.997,100,459.448755,434.712268,21.262477,0.0,3.47401,3,0.12,1.0,0.0,0.0,0.579002,0.375,True,16.389353,False,
RDL-n25-03,drone_range,30,4,10000,0.1,0.4,0.997,100,459.448755,434.712268,21.262477,0.0,3.47401,3,0.12,1.0,0.0,0.0,0.579002,0.375,True,16.434288,False,
RDL-n25-03,drone_range,8,5,10000,0.1,0.4,0.997,100,436.355975,431.822079,2.285607,0.0,2.248288,1,0.04,1.0,0.0,0.0,1.124144,0.125,True,18.446498,False,
RDL-n25-03,drone_range,12,5,10000,0.1,0.4,0.997,100,436.641302,416.43871,18.97687,0.0,1.225722,2,0.08,1.0,0.0,0.0,0.30643,0.25,True,16.711513,False,
RDL-n25-03,drone_range,16,5,10000,0.1,0.4,0.997,100,436.641302,416.43871,18.97687,0.0,1.225722,2,0.08,1.0,0.0,0.0,0.30643,0.25,True,16.642458,False,
RDL-n25-03,drone_range,20,5,10000,0.1,0.4,0.997,100,436.531033,416.328441,18.97687,0.0,1.225722,2,0.08,1.0,0.0,0.0,0.30643,0.25,True,15.994315,False,
RDL-n25-03,drone_range,24,5,10000,0.1,0.4,0.997,100,436.531033,416.328441,18.97687,0.0,1.225722,2,0.08,1.0,0.0,0.0,0.30643,0.25,True,15.976465,False,
RDL-n25-03,drone_range,30,5,10000,0.1,0.4,0.997,100,436.531033,416.328441,18.97687,0.0,1.225722,2,0.08,1.0,0.0,0.0,0.30643,0.25,True,16.076683,False,
RDL-n25-03,drone_range,8,6,10000,0.1,0.4,0.997,100,441.119039,441.119039,0.0,0.0,0.0,0,0.0,1.0,0.0,0.0,0.0,0.0,True,18.280133,False,
RDL-n25-03,drone_range,12,6,10000,0.1,0.4,0.997,100,454.229301,449.695406,2.285607,0.0,2.248288,1,0.04,1.0,0.0,0.0,1.124144,0.125,True,17.127465,False,
RDL-n25-03,drone_range,16,6,10000,0.1,0.4,0.997,100,454.229301,449.695406,2.285607,0.0,2.248288,1,0.04,1.0,0.0,0.0,1.124144,0.125,True,17.168622,False,
RDL-n25-03,drone_range,20,6,10000,0.1,0.4,0.997,100,439.86203,430.906924,4.571214,0.0,4.383891,2,0.08,1.0,0.0,0.0,1.095973,0.25,True,16.161441,False,
RDL-n25-03,drone_range,24,6,10000,0.1,0.4,0.997,100,439.86203,430.906924,4.571214,0.0,4.383891,2,0.08,1.0,0.0,0.0,1.095973,0.25,True,16.184186,False,
RDL-n25-03,drone_range,30,6,10000,0.1,0.4,0.997,100,439.86203,430.906924,4.571214,0.0,4.383891,2,0.08,1.0,0.0,0.0,1.095973,0.25,True,16.153888,False,
RDL-n25-03,drone_range,8,7,10000,0.1,0.4,0.997,100,436.275194,436.275194,0.0,0.0,0.0,0,0.0,1.0,0.0,0.0,0.0,0.0,True,19.384182,False,
RDL-n25-03,drone_range,12,7,10000,0.1,0.4,0.997,100,456.869247,432.132759,21.262477,0.0,3.47401,3,0.12,1.0,0.0,0.0,0.579002,0.375,True,18.06991,False,
RDL-n25-03,drone_range,16,7,10000,0.1,0.4,0.997,100,456.869247,432.132759,21.262477,0.0,3.47401,3,0.12,1.0,0.0,0.0,0.579002,0.375,True,18.522266,False,
RDL-n25-03,drone_range,20,7,10000,0.1,0.4,0.997,100,435.566096,415.363504,18.97687,0.0,1.225722,2,0.08,1.0,0.0,0.0,0.30643,0.25,True,16.561838,False,
RDL-n25-03,drone_range,24,7,10000,0.1,0.4,0.997,100,435.566096,415.363504,18.97687,0.0,1.225722,2,0.08,1.0,0.0,0.0,0.30643,0.25,True,16.412902,False,
RDL-n25-03,drone_range,30,7,10000,0.1,0.4,0.997,100,435.566096,415.363504,18.97687,0.0,1.225722,2,0.08,1.0,0.0,0.0,0.30643,0.25,True,16.526351,False,
RDL-n25-03,drone_range,8,8,10000,0.1,0.4,0.997,100,434.550366,430.016471,2.285607,0.0,2.248288,1,0.04,1.0,0.0,0.0,1.124144,0.125,True,18.074835,False,
RDL-n25-03,drone_range,12,8,10000,0.1,0.4,0.997,100,436.690452,432.156556,2.285607,0.0,2.248288,1,0.04,1.0,0.0,0.0,1.124144,0.125,True,16.608134,False,
RDL-n25-03,drone_range,16,8,10000,0.1,0.4,0.997,100,436.690452,432.156556,2.285607,0.0,2.248288,1,0.04,1.0,0.0,0.0,1.124144,0.125,True,16.638451,False,
RDL-n25-03,drone_range,20,8,10000,0.1,0.4,0.997,100,447.230339,405.036234,38.123438,0.0,4.070667,4,0.16,1.0,0.0,0.0,0.508833,0.5,True,15.959186,False,
RDL-n25-03,drone_range,24,8,10000,0.1,0.4,0.997,100,447.230339,405.036234,38.123438,0.0,4.070667,4,0.16,1.0,0.0,0.0,0.508833,0.5,True,16.024827,False,
RDL-n25-03,drone_range,30,8,10000,0.1,0.4,0.997,100,447.230339,405.036234,38.123438,0.0,4.070667,4,0.16,1.0,0.0,0.0,0.508833,0.5,True,16.051679,False,
RDL-n25-03,drone_range,8,9,10000,0.1,0.4,0.997,100,445.076513,436.121407,4.571214,0.0,4.383891,2,0.08,1.0,0.0,0.0,1.095973,0.25,True,19.006631,False,
RDL-n25-03,drone_range,12,9,10000,0.1,0.4,0.997,100,436.328134,436.328134,0.0,0.0,0.0,0,0.0,1.0,0.0,0.0,0.0,0.0,True,16.594946,False,
RDL-n25-03,drone_range,16,9,10000,0.1,0.4,0.997,100,436.328134,436.328134,0.0,0.0,0.0,0,0.0,1.0,0.0,0.0,0.0,0.0,True,16.439886,False,
RDL-n25-03,drone_range,20,9,10000,0.1,0.4,0.997,100,450.272502,432.814884,16.860961,0.0,0.596657,1,0.04,1.0,0.0,0.0,0.298329,0.125,True,15.868382,False,
RDL-n25-03,drone_range,24,9,10000,0.1,0.4,0.997,100,450.272502,432.814884,16.860961,0.0,0.596657,1,0.04,1.0,0.0,0.0,0.298329,0.125,True,15.821568,False,
RDL-n25-03,drone_range,30,9,10000,0.1,0.4,0.997,100,450.272502,432.814884,16.860961,0.0,0.596657,1,0.04,1.0,0.0,0.0,0.298329,0.125,True,15.783016,False,
RDL-n25-03,drone_range,8,10,10000,0.1,0.4,0.997,100,440.365125,435.83123,2.285607,0.0,2.248288,1,0.04,1.0,0.0,0.0,1.124144,0.125,True,18.205153,False,
RDL-n25-03,drone_range,12,10,10000,0.1,0.4,0.997,100,446.554684,442.020789,2.285607,0.0,2.248288,1,0.04,1.0,0.0,0.0,1.124144,0.125,True,17.014904,False,
RDL-n25-03,drone_range,16,10,10000,0.1,0.4,0.997,100,446.554684,442.020789,2.285607,0.0,2.248288,1,0.04,1.0,0.0,0.0,1.124144,0.125,True,16.944327,False,
RDL-n25-03,drone_range,20,10,10000,0.1,0.4,0.997,100,446.554684,442.020789,2.285607,0.0,2.248288,1,0.04,1.0,0.0,0.0,1.124144,0.125,True,16.699034,False,
RDL-n25-03,drone_range,24,10,10000,0.1,0.4,0.997,100,446.554684,442.020789,2.285607,0.0,2.248288,1,0.04,1.0,0.0,0.0,1.124144,0.125,True,17.468775,False,
RDL-n25-03,drone_range,30,10,10000,0.1,0.4,0.997,100,446.554684,442.020789,2.285607,0.0,2.248288,1,0.04,1.0,0.0,0.0,1.124144,0.125,True,16.88577,False,
RDL-n25-04,drone_range,8,1,10000,0.1,0.4,0.997,100,528.155835,528.155835,0.0,0.0,0.0,0,0.0,1.0,0.0,0.0,0.0,0.0,True,19.848762,False,
RDL-n25-04,drone_range,12,1,10000,0.1,0.4,0.997,100,528.155835,528.155835,0.0,0.0,0.0,0,0.0,1.0,0.0,0.0,0.0,0.0,True,19.999387,False,
RDL-n25-04,drone_range,16,1,10000,0.1,0.4,0.997,100,528.912209,528.912209,0.0,0.0,0.0,0,0.0,1.0,0.0,0.0,0.0,0.0,True,18.456275,False,
RDL-n25-04,drone_range,20,1,10000,0.1,0.4,0.997,100,531.57073,531.57073,0.0,0.0,0.0,0,0.0,1.0,0.0,0.0,0.0,0.0,True,17.443073,False,
RDL-n25-04,drone_range,24,1,10000,0.1,0.4,0.997,100,531.57073,531.57073,0.0,0.0,0.0,0,0.0,1.0,0.0,0.0,0.0,0.0,True,17.323712,False,
RDL-n25-04,drone_range,30,1,10000,0.1,0.4,0.997,100,531.57073,531.57073,0.0,0.0,0.0,0,0.0,1.0,0.0,0.0,0.0,0.0,True,16.809979,False,
RDL-n25-04,drone_range,8,2,10000,0.1,0.4,0.997,100,528.155835,528.155835,0.0,0.0,0.0,0,0.0,1.0,0.0,0.0,0.0,0.0,True,20.33957,False,
RDL-n25-04,drone_range,12,2,10000,0.1,0.4,0.997,100,528.155835,528.155835,0.0,0.0,0.0,0,0.0,1.0,0.0,0.0,0.0,0.0,True,20.239585,False,
RDL-n25-04,drone_range,16,2,10000,0.1,0.4,0.997,100,531.57073,531.57073,0.0,0.0,0.0,0,0.0,1.0,0.0,0.0,0.0,0.0,True,19.394867,False,
RDL-n25-04,drone_range,20,2,10000,0.1,0.4,0.997,100,530.597242,472.494602,55.56013,0.0,2.54251,3,0.12,1.0,0.0,0.0,0.423752,0.375,True,17.116365,False,
RDL-n25-04,drone_range,24,2,10000,0.1,0.4,0.997,100,530.597242,472.494602,55.56013,0.0,2.54251,3,0.12,1.0,0.0,0.0,0.423752,0.375,True,17.160414,False,
RDL-n25-04,drone_range,30,2,10000,0.1,0.4,0.997,100,530.597242,472.494602,55.56013,0.0,2.54251,3,0.12,1.0,0.0,0.0,0.423752,0.375,True,16.927895,False,
RDL-n25-04,drone_range,8,3,10000,0.1,0.4,0.997,100,528.155835,528.155835,0.0,0.0,0.0,0,0.0,1.0,0.0,0.0,0.0,0.0,True,19.488131,False,
RDL-n25-04,drone_range,12,3,10000,0.1,0.4,0.997,100,528.155835,528.155835,0.0,0.0,0.0,0,0.0,1.0,0.0,0.0,0.0,0.0,True,19.689736,False,
RDL-n25-04,drone_range,16,3,10000,0.1,0.4,0.997,100,528.163933,528.163933,0.0,0.0,0.0,0,0.0,1.0,0.0,0.0,0.0,0.0,True,19.030936,False,
RDL-n25-04,drone_range,20,3,10000,0.1,0.4,0.997,100,531.516348,531.516348,0.0,0.0,0.0,0,0.0,1.0,0.0,0.0,0.0,0.0,True,16.740506,False,
RDL-n25-04,drone_range,24,3,10000,0.1,0.4,0.997,100,531.516348,531.516348,0.0,0.0,0.0,0,0.0,1.0,0.0,0.0,0.0,0.0,True,16.630953,False,
RDL-n25-04,drone_range,30,3,10000,0.1,0.4,0.997,100,531.516348,531.516348,0.0,0.0,0.0,0,0.0,1.0,0.0,0.0,0.0,0.0,True,16.628556,False,
RDL-n25-04,drone_range,8,4,10000,0.1,0.4,0.997,100,531.57073,531.57073,0.0,0.0,0.0,0,0.0,1.0,0.0,0.0,0.0,0.0,True,19.31258,False,
RDL-n25-04,drone_range,12,4,10000,0.1,0.4,0.997,100,531.57073,531.57073,0.0,0.0,0.0,0,0.0,1.0,0.0,0.0,0.0,0.0,True,20.196408,False,
RDL-n25-04,drone_range,16,4,10000,0.1,0.4,0.997,100,531.57073,531.57073,0.0,0.0,0.0,0,0.0,1.0,0.0,0.0,0.0,0.0,True,18.979507,False,
RDL-n25-04,drone_range,20,4,10000,0.1,0.4,0.997,100,529.509372,471.406732,55.56013,0.0,2.54251,3,0.12,1.0,0.0,0.0,0.423752,0.375,True,16.602619,False,
RDL-n25-04,drone_range,24,4,10000,0.1,0.4,0.997,100,529.509372,471.406732,55.56013,0.0,2.54251,3,0.12,1.0,0.0,0.0,0.423752,0.375,True,16.694635,False,
RDL-n25-04,drone_range,30,4,10000,0.1,0.4,0.997,100,529.509372,471.406732,55.56013,0.0,2.54251,3,0.12,1.0,0.0,0.0,0.423752,0.375,True,17.400572,False,
RDL-n25-04,drone_range,8,5,10000,0.1,0.4,0.997,100,528.163933,528.163933,0.0,0.0,0.0,0,0.0,1.0,0.0,0.0,0.0,0.0,True,20.143494,False,
RDL-n25-04,drone_range,12,5,10000,0.1,0.4,0.997,100,528.163933,528.163933,0.0,0.0,0.0,0,0.0,1.0,0.0,0.0,0.0,0.0,True,20.149693,False,
RDL-n25-04,drone_range,16,5,10000,0.1,0.4,0.997,100,531.345575,522.704616,6.400781,0.0,2.240179,1,0.04,1.0,0.0,0.0,1.120089,0.125,True,18.326857,False,
RDL-n25-04,drone_range,20,5,10000,0.1,0.4,0.997,100,532.464168,532.464168,0.0,0.0,0.0,0,0.0,1.0,0.0,0.0,0.0,0.0,True,16.598959,False,
RDL-n25-04,drone_range,24,5,10000,0.1,0.4,0.997,100,532.464168,532.464168,0.0,0.0,0.0,0,0.0,1.0,0.0,0.0,0.0,0.0,True,16.42915,False,
RDL-n25-04,drone_range,30,5,10000,0.1,0.4,0.997,100,532.464168,532.464168,0.0,0.0,0.0,0,0.0,1.0,0.0,0.0,0.0,0.0,True,16.335854,False,
RDL-n25-04,drone_range,8,6,10000,0.1,0.4,0.997,100,528.155835,528.155835,0.0,0.0,0.0,0,0.0,1.0,0.0,0.0,0.0,0.0,True,20.192958,False,
RDL-n25-04,drone_range,12,6,10000,0.1,0.4,0.997,100,528.155835,528.155835,0.0,0.0,0.0,0,0.0,1.0,0.0,0.0,0.0,0.0,True,20.240538,False,
RDL-n25-04,drone_range,16,6,10000,0.1,0.4,0.997,100,531.57073,531.57073,0.0,0.0,0.0,0,0.0,0.96,0.006669,0.166735,0.0,0.0,True,19.324531,False,
RDL-n25-04,drone_range,20,6,10000,0.1,0.4,0.997,100,532.327104,532.327104,0.0,0.0,0.0,0,0.0,1.0,0.0,0.0,0.0,0.0,True,16.355987,False,
RDL-n25-04,drone_range,24,6,10000,0.1,0.4,0.997,100,532.327104,532.327104,0.0,0.0,0.0,0,0.0,1.0,0.0,0.0,0.0,0.0,True,16.089485,False,
RDL-n25-04,drone_range,30,6,10000,0.1,0.4,0.997,100,532.327104,532.327104,0.0,0.0,0.0,0,0.0,1.0,0.0,0.0,0.0,0.0,True,16.058179,False,
RDL-n25-04,drone_range,8,7,10000,0.1,0.4,0.997,100,528.155835,528.155835,0.0,0.0,0.0,0,0.0,1.0,0.0,0.0,0.0,0.0,True,19.67846,False,
RDL-n25-04,drone_range,12,7,10000,0.1,0.4,0.997,100,528.155835,528.155835,0.0,0.0,0.0,0,0.0,1.0,0.0,0.0,0.0,0.0,True,19.672215,False,
RDL-n25-04,drone_range,16,7,10000,0.1,0.4,0.997,100,528.155835,528.155835,0.0,0.0,0.0,0,0.0,1.0,0.0,0.0,0.0,0.0,True,18.69958,False,
RDL-n25-04,drone_range,20,7,10000,0.1,0.4,0.997,100,531.57073,531.57073,0.0,0.0,0.0,0,0.0,1.0,0.0,0.0,0.0,0.0,True,16.407216,False,
RDL-n25-04,drone_range,24,7,10000,0.1,0.4,0.997,100,531.57073,531.57073,0.0,0.0,0.0,0,0.0,1.0,0.0,0.0,0.0,0.0,True,16.952807,False,
RDL-n25-04,drone_range,30,7,10000,0.1,0.4,0.997,100,531.57073,531.57073,0.0,0.0,0.0,0,0.0,1.0,0.0,0.0,0.0,0.0,True,16.666155,False,
RDL-n25-04,drone_range,8,8,10000,0.1,0.4,0.997,100,528.155835,528.155835,0.0,0.0,0.0,0,0.0,1.0,0.0,0.0,0.0,0.0,True,20.036731,False,
RDL-n25-04,drone_range,12,8,10000,0.1,0.4,0.997,100,528.155835,528.155835,0.0,0.0,0.0,0,0.0,1.0,0.0,0.0,0.0,0.0,True,19.945523,False,
RDL-n25-04,drone_range,16,8,10000,0.1,0.4,0.997,100,529.706649,529.706649,0.0,0.0,0.0,0,0.0,1.0,0.0,0.0,0.0,0.0,True,18.528883,False,
RDL-n25-04,drone_range,20,8,10000,0.1,0.4,0.997,100,531.337477,522.696518,6.400781,0.0,2.240179,1,0.04,1.0,0.0,0.0,1.120089,0.125,True,16.953043,False,
RDL-n25-04,drone_range,24,8,10000,0.1,0.4,0.997,100,531.337477,522.696518,6.400781,0.0,2.240179,1,0.04,1.0,0.0,0.0,1.120089,0.125,True,16.880433,False,
RDL-n25-04,drone_range,30,8,10000,0.1,0.4,0.997,100,531.337477,522.696518,6.400781,0.0,2.240179,1,0.04,1.0,0.0,0.0,1.120089,0.125,True,16.918087,False,
RDL-n25-04,drone_range,8,9,10000,0.1,0.4,0.997,100,528.155835,528.155835,0.0,0.0,0.0,0,0.0,0.96,0.006669,0.166735,0.0,0.0,True,19.870418,False,
RDL-n25-04,drone_range,12,9,10000,0.1,0.4,0.997,100,528.155835,528.155835,0.0,0.0,0.0,0,0.0,0.96,0.006669,0.166735,0.0,0.0,True,19.364605,False,
RDL-n25-04,drone_range,16,9,10000,0.1,0.4,0.997,100,528.155835,528.155835,0.0,0.0,0.0,0,0.0,1.0,0.0,0.0,0.0,0.0,True,18.547957,False,
RDL-n25-04,drone_range,20,9,10000,0.1,0.4,0.997,100,530.906116,472.803476,55.56013,0.0,2.54251,3,0.12,1.0,0.0,0.0,0.423752,0.375,True,17.160565,False,
RDL-n25-04,drone_range,24,9,10000,0.1,0.4,0.997,100,530.906116,472.803476,55.56013,0.0,2.54251,3,0.12,1.0,0.0,0.0,0.423752,0.375,True,16.86044,False,
RDL-n25-04,drone_range,30,9,10000,0.1,0.4,0.997,100,530.906116,472.803476,55.56013,0.0,2.54251,3,0.12,1.0,0.0,0.0,0.423752,0.375,True,17.277935,False,
RDL-n25-04,drone_range,8,10,10000,0.1,0.4,0.997,100,528.155835,528.155835,0.0,0.0,0.0,0,0.0,1.0,0.0,0.0,0.0,0.0,True,20.163589,False,
RDL-n25-04,drone_range,12,10,10000,0.1,0.4,0.997,100,528.155835,528.155835,0.0,0.0,0.0,0,0.0,1.0,0.0,0.0,0.0,0.0,True,19.689125,False,
RDL-n25-04,drone_range,16,10,10000,0.1,0.4,0.997,100,528.912209,528.912209,0.0,0.0,0.0,0,0.0,1.0,0.0,0.0,0.0,0.0,True,18.523781,False,
RDL-n25-04,drone_range,20,10,10000,0.1,0.4,0.997,100,528.920307,528.920307,0.0,0.0,0.0,0,0.0,1.0,0.0,0.0,0.0,0.0,True,16.46945,False,
RDL-n25-04,drone_range,24,10,10000,0.1,0.4,0.997,100,528.920307,528.920307,0.0,0.0,0.0,0,0.0,1.0,0.0,0.0,0.0,0.0,True,16.332625,False,
RDL-n25-04,drone_range,30,10,10000,0.1,0.4,0.997,100,528.920307,528.920307,0.0,0.0,0.0,0,0.0,1.0,0.0,0.0,0.0,0.0,True,16.553253,False,
RDL-n25-05,drone_range,8,1,10000,0.1,0.4,0.997,100,830.811745,774.378744,0.0,56.433001,0.0,0,0.0,0.92,0.225732,4.40823,0.0,0.0,True,19.663034,False,
RDL-n25-05,drone_range,12,1,10000,0.1,0.4,0.997,100,830.811745,774.378744,0.0,56.433001,0.0,0,0.0,0.92,0.225732,4.40823,0.0,0.0,True,19.542148,False,
RDL-n25-05,drone_range,16,1,10000,0.1,0.4,0.997,100,712.051993,637.986765,68.946519,0.0,5.118709,5,0.2,1.0,0.0,0.0,0.511871,0.625,True,18.065855,False,
RDL-n25-05,drone_range,20,1,10000,0.1,0.4,0.997,100,712.051993,637.986765,68.946519,0.0,5.118709,5,0.2,1.0,0.0,0.0,0.511871,0.625,True,17.622828,False,
RDL-n25-05,drone_range,24,1,10000,0.1,0.4,0.997,100,712.051993,637.986765,68.946519,0.0,5.118709,5,0.2,1.0,0.0,0.0,0.511871,0.625,True,17.154451,False,
RDL-n25-05,drone_range,30,1,10000,0.1,0.4,0.997,100,712.051993,637.986765,68.946519,0.0,5.118709,5,0.2,1.0,0.0,0.0,0.511871,0.625,True,17.292632,False,
RDL-n25-05,drone_range,8,2,10000,0.1,0.4,0.997,100,830.811745,774.378744,0.0,56.433001,0.0,0,0.0,0.92,0.225732,4.40823,0.0,0.0,True,20.794934,False,
RDL-n25-05,drone_range,12,2,10000,0.1,0.4,0.997,100,830.811745,774.378744,0.0,56.433001,0.0,0,0.0,0.92,0.225732,4.40823,0.0,0.0,True,19.858822,False,
RDL-n25-05,drone_range,16,2,10000,0.1,0.4,0.997,100,712.051993,637.986765,68.946519,0.0,5.118709,5,0.2,1.0,0.0,0.0,0.511871,0.625,True,18.019584,False,
RDL-n25-05,drone_range,20,2,10000,0.1,0.4,0.997,100,712.051993,637.986765,68.946519,0.0,5.118709,5,0.2,1.0,0.0,0.0,0.511871,0.625,True,17.798851,False,
RDL-n25-05,drone_range,24,2,10000,0.1,0.4,0.997,100,712.051993,637.986765,68.946519,0.0,5.118709,5,0.2,1.0,0.0,0.0,0.511871,0.625,True,17.286466,False,
RDL-n25-05,drone_range,30,2,10000,0.1,0.4,0.997,100,712.051993,637.986765,68.946519,0.0,5.118709,5,0.2,1.0,0.0,0.0,0.511871,0.625,True,17.353905,False,
RDL-n25-05,drone_range,8,3,10000,0.1,0.4,0.997,100,830.811745,774.378744,0.0,56.433001,0.0,0,0.0,0.92,0.225732,4.40823,0.0,0.0,True,20.111778,False,
RDL-n25-05,drone_range,12,3,10000,0.1,0.4,0.997,100,830.811745,774.378744,0.0,56.433001,0.0,0,0.0,0.92,0.225732,4.40823,0.0,0.0,True,20.11328,False,
RDL-n25-05,drone_range,16,3,10000,0.1,0.4,0.997,100,712.051993,637.986765,68.946519,0.0,5.118709,5,0.2,1.0,0.0,0.0,0.511871,0.625,True,17.9444,False,
RDL-n25-05,drone_range,20,3,10000,0.1,0.4,0.997,100,712.051993,637.986765,68.946519,0.0,5.118709,5,0.2,1.0,0.0,0.0,0.511871,0.625,True,17.395276,False,
RDL-n25-05,drone_range,24,3,10000,0.1,0.4,0.997,100,712.051993,637.986765,68.946519,0.0,5.118709,5,0.2,1.0,0.0,0.0,0.511871,0.625,True,17.24605,False,
RDL-n25-05,drone_range,30,3,10000,0.1,0.4,0.997,100,712.051993,637.986765,68.946519,0.0,5.118709,5,0.2,1.0,0.0,0.0,0.511871,0.625,True,17.263518,False,
RDL-n25-05,drone_range,8,4,10000,0.1,0.4,0.997,100,830.811745,774.378744,0.0,56.433001,0.0,0,0.0,0.92,0.225732,4.40823,0.0,0.0,True,19.933333,False,
RDL-n25-05,drone_range,12,4,10000,0.1,0.4,0.997,100,830.811745,774.378744,0.0,56.433001,0.0,0,0.0,0.92,0.225732,4.40823,0.0,0.0,True,20.031983,False,
RDL-n25-05,drone_range,16,4,10000,0.1,0.4,0.997,100,712.051993,637.986765,68.946519,0.0,5.118709,5,0.2,1.0,0.0,0.0,0.511871,0.625,True,17.722582,False,
RDL-n25-05,drone_range,20,4,10000,0.1,0.4,0.997,100,712.051993,637.986765,68.946519,0.0,5.118709,5,0.2,1.0,0.0,0.0,0.511871,0.625,True,17.45222,False,
RDL-n25-05,drone_range,24,4,10000,0.1,0.4,0.997,100,712.051993,637.986765,68.946519,0.0,5.118709,5,0.2,1.0,0.0,0.0,0.511871,0.625,True,17.556465,False,
RDL-n25-05,drone_range,30,4,10000,0.1,0.4,0.997,100,712.051993,637.986765,68.946519,0.0,5.118709,5,0.2,1.0,0.0,0.0,0.511871,0.625,True,17.706888,False,
RDL-n25-05,drone_range,8,5,10000,0.1,0.4,0.997,100,830.811745,774.378744,0.0,56.433001,0.0,0,0.0,0.92,0.225732,4.40823,0.0,0.0,True,19.748827,False,
RDL-n25-05,drone_range,12,5,10000,0.1,0.4,0.997,100,830.811745,774.378744,0.0,56.433001,0.0,0,0.0,0.92,0.225732,4.40823,0.0,0.0,True,19.74954,False,
RDL-n25-05,drone_range,16,5,10000,0.1,0.4,0.997,100,712.051993,637.986765,68.946519,0.0,5.118709,5,0.2,1.0,0.0,0.0,0.511871,0.625,True,17.488886,False,
RDL-n25-05,drone_range,20,5,10000,0.1,0.4,0.997,100,712.051993,637.986765,68.946519,0.0,5.118709,5,0.2,1.0,0.0,0.0,0.511871,0.625,True,17.889686,False,
RDL-n25-05,drone_range,24,5,10000,0.1,0.4,0.997,100,712.051993,637.986765,68.946519,0.0,5.118709,5,0.2,1.0,0.0,0.0,0.511871,0.625,True,17.603094,False,
RDL-n25-05,drone_range,30,5,10000,0.1,0.4,0.997,100,712.051993,637.986765,68.946519,0.0,5.118709,5,0.2,1.0,0.0,0.0,0.511871,0.625,True,17.212175,False,
RDL-n25-05,drone_range,8,6,10000,0.1,0.4,0.997,100,830.811745,774.378744,0.0,56.433001,0.0,0,0.0,0.92,0.225732,4.40823,0.0,0.0,True,20.271293,False,
RDL-n25-05,drone_range,12,6,10000,0.1,0.4,0.997,100,830.811745,774.378744,0.0,56.433001,0.0,0,0.0,0.92,0.225732,4.40823,0.0,0.0,True,20.403893,False,
RDL-n25-05,drone_range,16,6,10000,0.1,0.4,0.997,100,712.051993,637.986765,68.946519,0.0,5.118709,5,0.2,1.0,0.0,0.0,0.511871,0.625,True,17.742366,False,
RDL-n25-05,drone_range,20,6,10000,0.1,0.4,0.997,100,712.051993,637.986765,68.946519,0.0,5.118709,5,0.2,1.0,0.0,0.0,0.511871,0.625,True,17.299062,False,
RDL-n25-05,drone_range,24,6,10000,0.1,0.4,0.997,100,712.051993,637.986765,68.946519,0.0,5.118709,5,0.2,1.0,0.0,0.0,0.511871,0.625,True,17.018787,False,
RDL-n25-05,drone_range,30,6,10000,0.1,0.4,0.997,100,712.051993,637.986765,68.946519,0.0,5.118709,5,0.2,1.0,0.0,0.0,0.511871,0.625,True,16.989743,False,
RDL-n25-05,drone_range,8,7,10000,0.1,0.4,0.997,100,830.811745,774.378744,0.0,56.433001,0.0,0,0.0,0.92,0.225732,4.40823,0.0,0.0,True,19.645714,False,
RDL-n25-05,drone_range,12,7,10000,0.1,0.4,0.997,100,830.811745,774.378744,0.0,56.433001,0.0,0,0.0,0.92,0.225732,4.40823,0.0,0.0,True,19.433358,False,
RDL-n25-05,drone_range,16,7,10000,0.1,0.4,0.997,100,712.051993,637.986765,68.946519,0.0,5.118709,5,0.2,1.0,0.0,0.0,0.511871,0.625,True,17.729509,False,
RDL-n25-05,drone_range,20,7,10000,0.1,0.4,0.997,100,712.051993,637.986765,68.946519,0.0,5.118709,5,0.2,1.0,0.0,0.0,0.511871,0.625,True,17.1806,False,
RDL-n25-05,drone_range,24,7,10000,0.1,0.4,0.997,100,712.051993,637.986765,68.946519,0.0,5.118709,5,0.2,1.0,0.0,0.0,0.511871,0.625,True,17.828066,False,
RDL-n25-05,drone_range,30,7,10000,0.1,0.4,0.997,100,712.051993,637.986765,68.946519,0.0,5.118709,5,0.2,1.0,0.0,0.0,0.511871,0.625,True,17.090028,False,
RDL-n25-05,drone_range,8,8,10000,0.1,0.4,0.997,100,830.811745,774.378744,0.0,56.433001,0.0,0,0.0,0.92,0.225732,4.40823,0.0,0.0,True,20.567874,False,
RDL-n25-05,drone_range,12,8,10000,0.1,0.4,0.997,100,830.811745,774.378744,0.0,56.433001,0.0,0,0.0,0.92,0.225732,4.40823,0.0,0.0,True,20.218321,False,
RDL-n25-05,drone_range,16,8,10000,0.1,0.4,0.997,100,712.051993,637.986765,68.946519,0.0,5.118709,5,0.2,1.0,0.0,0.0,0.511871,0.625,True,17.627195,False,
RDL-n25-05,drone_range,20,8,10000,0.1,0.4,0.997,100,712.051993,637.986765,68.946519,0.0,5.118709,5,0.2,1.0,0.0,0.0,0.511871,0.625,True,17.206502,False,
RDL-n25-05,drone_range,24,8,10000,0.1,0.4,0.997,100,712.051993,637.986765,68.946519,0.0,5.118709,5,0.2,1.0,0.0,0.0,0.511871,0.625,True,17.312927,False,
RDL-n25-05,drone_range,30,8,10000,0.1,0.4,0.997,100,712.051993,637.986765,68.946519,0.0,5.118709,5,0.2,1.0,0.0,0.0,0.511871,0.625,True,17.409022,False,
RDL-n25-05,drone_range,8,9,10000,0.1,0.4,0.997,100,830.811745,774.378744,0.0,56.433001,0.0,0,0.0,0.92,0.225732,4.40823,0.0,0.0,True,20.156574,False,
RDL-n25-05,drone_range,12,9,10000,0.1,0.4,0.997,100,830.811745,774.378744,0.0,56.433001,0.0,0,0.0,0.92,0.225732,4.40823,0.0,0.0,True,19.982421,False,
RDL-n25-05,drone_range,16,9,10000,0.1,0.4,0.997,100,712.051993,637.986765,68.946519,0.0,5.118709,5,0.2,1.0,0.0,0.0,0.511871,0.625,True,17.548635,False,
RDL-n25-05,drone_range,20,9,10000,0.1,0.4,0.997,100,712.051993,637.986765,68.946519,0.0,5.118709,5,0.2,1.0,0.0,0.0,0.511871,0.625,True,19.090924,False,
RDL-n25-05,drone_range,24,9,10000,0.1,0.4,0.997,100,712.051993,637.986765,68.946519,0.0,5.118709,5,0.2,1.0,0.0,0.0,0.511871,0.625,True,17.642793,False,
RDL-n25-05,drone_range,30,9,10000,0.1,0.4,0.997,100,712.051993,637.986765,68.946519,0.0,5.118709,5,0.2,1.0,0.0,0.0,0.511871,0.625,True,17.398561,False,
RDL-n25-05,drone_range,8,10,10000,0.1,0.4,0.997,100,830.811745,774.378744,0.0,56.433001,0.0,0,0.0,0.92,0.225732,4.40823,0.0,0.0,True,19.934141,False,
RDL-n25-05,drone_range,12,10,10000,0.1,0.4,0.997,100,830.811745,774.378744,0.0,56.433001,0.0,0,0.0,0.92,0.225732,4.40823,0.0,0.0,True,19.997039,False,
RDL-n25-05,drone_range,16,10,10000,0.1,0.4,0.997,100,712.051993,637.986765,68.946519,0.0,5.118709,5,0.2,1.0,0.0,0.0,0.511871,0.625,True,17.819851,False,
RDL-n25-05,drone_range,20,10,10000,0.1,0.4,0.997,100,712.051993,637.986765,68.946519,0.0,5.118709,5,0.2,1.0,0.0,0.0,0.511871,0.625,True,17.366512,False,
RDL-n25-05,drone_range,24,10,10000,0.1,0.4,0.997,100,712.051993,637.986765,68.946519,0.0,5.118709,5,0.2,1.0,0.0,0.0,0.511871,0.625,True,18.30778,False,
RDL-n25-05,drone_range,30,10,10000,0.1,0.4,0.997,100,712.051993,637.986765,68.946519,0.0,5.118709,5,0.2,1.0,0.0,0.0,0.511871,0.625,True,17.823471,False,
RDL-n25-06,drone_range,8,1,10000,0.1,0.4,0.997,100,433.86335,427.316947,6.362012,0.0,0.184391,1,0.04,1.0,0.0,0.0,0.092195,0.125,True,17.568347,False,
RDL-n25-06,drone_range,12,1,10000,0.1,0.4,0.997,100,432.521028,425.974625,6.362012,0.0,0.184391,1,0.04,1.0,0.0,0.0,0.092195,0.125,True,17.8306,False,
RDL-n25-06,drone_range,16,1,10000,0.1,0.4,0.997,100,432.521028,425.974625,6.362012,0.0,0.184391,1,0.04,1.0,0.0,0.0,0.092195,0.125,True,18.400175,False,
RDL-n25-06,drone_range,20,1,10000,0.1,0.4,0.997,100,432.521028,425.974625,6.362012,0.0,0.184391,1,0.04,1.0,0.0,0.0,0.092195,0.125,True,17.260792,False,
RDL-n25-06,drone_range,24,1,10000,0.1,0.4,0.997,100,432.521028,425.974625,6.362012,0.0,0.184391,1,0.04,1.0,0.0,0.0,0.092195,0.125,True,17.494561,False,
RDL-n25-06,drone_range,30,1,10000,0.1,0.4,0.997,100,432.521028,425.974625,6.362012,0.0,0.184391,1,0.04,1.0,0.0,0.0,0.092195,0.125,True,17.77158,False,
RDL-n25-06,drone_range,8,2,10000,0.1,0.4,0.997,100,430.939781,419.906062,9.996569,0.0,1.037151,2,0.08,1.0,0.0,0.0,0.259288,0.25,True,18.319866,False,
RDL-n25-06,drone_range,12,2,10000,0.1,0.4,0.997,100,430.939781,419.906062,9.996569,0.0,1.037151,2,0.08,1.0,0.0,0.0,0.259288,0.25,True,19.193115,False,
RDL-n25-06,drone_range,16,2,10000,0.1,0.4,0.997,100,430.939781,419.906062,9.996569,0.0,1.037151,2,0.08,1.0,0.0,0.0,0.259288,0.25,True,18.652613,False,
RDL-n25-06,drone_range,20,2,10000,0.1,0.4,0.997,100,430.133129,419.099409,9.996569,0.0,1.037151,2,0.08,1.0,0.0,0.0,0.259288,0.25,True,17.62036,False,
RDL-n25-06,drone_range,24,2,10000,0.1,0.4,0.997,100,430.133129,419.099409,9.996569,0.0,1.037151,2,0.08,1.0,0.0,0.0,0.259288,0.25,True,18.554967,False,
RDL-n25-06,drone_range,30,2,10000,0.1,0.4,0.997,100,430.133129,419.099409,9.996569,0.0,1.037151,2,0.08,1.0,0.0,0.0,0.259288,0.25,True,17.692096,False,
RDL-n25-06,drone_range,8,3,10000,0.1,0.4,0.997,100,432.521028,425.974625,6.362012,0.0,0.184391,1,0.04,1.0,0.0,0.0,0.092195,0.125,True,18.051638,False,
RDL-n25-06,drone_range,12,3,10000,0.1,0.4,0.997,100,430.939781,419.906062,9.996569,0.0,1.037151,2,0.08,1.0,0.0,0.0,0.259288,0.25,True,17.881474,False,
RDL-n25-06,drone_range,16,3,10000,0.1,0.4,0.997,100,430.939781,419.906062,9.996569,0.0,1.037151,2,0.08,1.0,0.0,0.0,0.259288,0.25,True,17.806976,False,
RDL-n25-06,drone_range,20,3,10000,0.1,0.4,0.997,100,430.939781,419.906062,9.996569,0.0,1.037151,2,0.08,1.0,0.0,0.0,0.259288,0.25,True,16.98741,False,
RDL-n25-06,drone_range,24,3,10000,0.1,0.4,0.997,100,430.939781,419.906062,9.996569,0.0,1.037151,2,0.08,1.0,0.0,0.0,0.259288,0.25,True,16.940103,False,
RDL-n25-06,drone_range,30,3,10000,0.1,0.4,0.997,100,430.939781,419.906062,9.996569,0.0,1.037151,2,0.08,1.0,0.0,0.0,0.259288,0.25,True,17.048984,False,
RDL-n25-06,drone_range,8,4,10000,0.1,0.4,0.997,100,435.229647,421.113093,12.724025,0.0,1.39253,2,0.08,1.0,0.0,0.0,0.348132,0.25,True,17.914801,False,
RDL-n25-06,drone_range,12,4,10000,0.1,0.4,0.997,100,430.939781,419.906062,9.996569,0.0,1.037151,2,0.08,1.0,0.0,0.0,0.259288,0.25,True,18.00501,False,
RDL-n25-06,drone_range,16,4,10000,0.1,0.4,0.997,100,430.939781,419.906062,9.996569,0.0,1.037151,2,0.08,1.0,0.0,0.0,0.259288,0.25,True,18.024931,False,
RDL-n25-06,drone_range,20,4,10000,0.1,0.4,0.997,100,433.83503,408.680503,23.48343,0.0,1.671098,3,0.12,1.0,0.0,0.0,0.278516,0.375,True,17.020897,False,
RDL-n25-06,drone_range,24,4,10000,0.1,0.4,0.997,100,433.83503,408.680503,23.48343,0.0,1.671098,3,0.12,1.0,0.0,0.0,0.278516,0.375,True,16.967499,False,
RDL-n25-06,drone_range,30,4,10000,0.1,0.4,0.997,100,433.83503,408.680503,23.48343,0.0,1.671098,3,0.12,1.0,0.0,0.0,0.278516,0.375,True,16.983767,False,
RDL-n25-06,drone_range,8,5,10000,0.1,0.4,0.997,100,433.86335,427.316947,6.362012,0.0,0.184391,1,0.04,1.0,0.0,0.0,0.092195,0.125,True,18.034177,False,
RDL-n25-06,drone_range,12,5,10000,0.1,0.4,0.997,100,432.521028,425.974625,6.362012,0.0,0.184391,1,0.04,1.0,0.0,0.0,0.092195,0.125,True,17.916644,False,
RDL-n25-06,drone_range,16,5,10000,0.1,0.4,0.997,100,432.521028,425.974625,6.362012,0.0,0.184391,1,0.04,1.0,0.0,0.0,0.092195,0.125,True,18.646753,False,
RDL-n25-06,drone_range,20,5,10000,0.1,0.4,0.997,100,433.86335,427.316947,6.362012,0.0,0.184391,1,0.04,1.0,0.0,0.0,0.092195,0.125,True,17.666967,False,
RDL-n25-06,drone_range,24,5,10000,0.1,0.4,0.997,100,433.86335,427.316947,6.362012,0.0,0.184391,1,0.04,1.0,0.0,0.0,0.092195,0.125,True,17.353131,False,
RDL-n25-06,drone_range,30,5,10000,0.1,0.4,0.997,100,433.86335,427.316947,6.362012,0.0,0.184391,1,0.04,1.0,0.0,0.0,0.092195,0.125,True,17.319556,False,
RDL-n25-06,drone_range,8,6,10000,0.1,0.4,0.997,100,432.521028,425.974625,6.362012,0.0,0.184391,1,0.04,1.0,0.0,0.0,0.092195,0.125,True,18.43657,False,
RDL-n25-06,drone_range,12,6,10000,0.1,0.4,0.997,100,430.939781,419.906062,9.996569,0.0,1.037151,2,0.08,1.0,0.0,0.0,0.259288,0.25,True,18.597761,False,
RDL-n25-06,drone_range,16,6,10000,0.1,0.4,0.997,100,430.939781,419.906062,9.996569,0.0,1.037151,2,0.08,1.0,0.0,0.0,0.259288,0.25,True,18.528007,False,
RDL-n25-06,drone_range,20,6,10000,0.1,0.4,0.997,100,430.939781,419.906062,9.996569,0.0,1.037151,2,0.08,1.0,0.0,0.0,0.259288,0.25,True,17.021173,False,
RDL-n25-06,drone_range,24,6,10000,0.1,0.4,0.997,100,430.939781,419.906062,9.996569,0.0,1.037151,2,0.08,1.0,0.0,0.0,0.259288,0.25,True,17.176606,False,
RDL-n25-06,drone_range,30,6,10000,0.1,0.4,0.997,100,430.939781,419.906062,9.996569,0.0,1.037151,2,0.08,1.0,0.0,0.0,0.259288,0.25,True,18.204422,False,
RDL-n25-06,drone_range,8,7,10000,0.1,0.4,0.997,100,430.939781,419.906062,9.996569,0.0,1.037151,2,0.08,1.0,0.0,0.0,0.259288,0.25,True,18.531292,False,
RDL-n25-06,drone_range,12,7,10000,0.1,0.4,0.997,100,433.470004,422.436284,9.996569,0.0,1.037151,2,0.08,1.0,0.0,0.0,0.259288,0.25,True,18.036927,False,
RDL-n25-06,drone_range,16,7,10000,0.1,0.4,0.997,100,433.470004,422.436284,9.996569,0.0,1.037151,2,0.08,1.0,0.0,0.0,0.259288,0.25,True,18.048301,False,
RDL-n25-06,drone_range,20,7,10000,0.1,0.4,0.997,100,431.799643,420.765923,9.996569,0.0,1.037151,2,0.08,1.0,0.0,0.0,0.259288,0.25,True,16.732298,False,
RDL-n25-06,drone_range,24,7,10000,0.1,0.4,0.997,100,431.799643,420.765923,9.996569,0.0,1.037151,2,0.08,1.0,0.0,0.0,0.259288,0.25,True,16.659868,False,
RDL-n25-06,drone_range,30,7,10000,0.1,0.4,0.997,100,431.799643,420.765923,9.996569,0.0,1.037151,2,0.08,1.0,0.0,0.0,0.259288,0.25,True,17.518162,False,
RDL-n25-06,drone_range,8,8,10000,0.1,0.4,0.997,100,432.584025,426.037622,6.362012,0.0,0.184391,1,0.04,1.0,0.0,0.0,0.092195,0.125,True,17.850679,False,
RDL-n25-06,drone_range,12,8,10000,0.1,0.4,0.997,100,431.048459,420.014739,9.996569,0.0,1.037151,2,0.08,1.0,0.0,0.0,0.259288,0.25,True,17.882332,False,
RDL-n25-06,drone_range,16,8,10000,0.1,0.4,0.997,100,431.048459,420.014739,9.996569,0.0,1.037151,2,0.08,1.0,0.0,0.0,0.259288,0.25,True,17.864158,False,
RDL-n25-06,drone_range,20,8,10000,0.1,0.4,0.997,100,430.939781,419.906062,9.996569,0.0,1.037151,2,0.08,1.0,0.0,0.0,0.259288,0.25,True,17.47801,False,
RDL-n25-06,drone_range,24,8,10000,0.1,0.4,0.997,100,430.939781,419.906062,9.996569,0.0,1.037151,2,0.08,1.0,0.0,0.0,0.259288,0.25,True,17.464545,False,
RDL-n25-06,drone_range,30,8,10000,0.1,0.4,0.997,100,430.939781,419.906062,9.996569,0.0,1.037151,2,0.08,1.0,0.0,0.0,0.259288,0.25,True,18.325719,False,
RDL-n25-06,drone_range,8,9,10000,0.1,0.4,0.997,100,432.521028,425.974625,6.362012,0.0,0.184391,1,0.04,1.0,0.0,0.0,0.092195,0.125,True,18.790801,False,
RDL-n25-06,drone_range,12,9,10000,0.1,0.4,0.997,100,430.939781,419.906062,9.996569,0.0,1.037151,2,0.08,1.0,0.0,0.0,0.259288,0.25,True,18.617896,False,
RDL-n25-06,drone_range,16,9,10000,0.1,0.4,0.997,100,430.939781,419.906062,9.996569,0.0,1.037151,2,0.08,1.0,0.0,0.0,0.259288,0.25,True,18.034317,False,
RDL-n25-06,drone_range,20,9,10000,0.1,0.4,0.997,100,431.799643,420.765923,9.996569,0.0,1.037151,2,0.08,1.0,0.0,0.0,0.259288,0.25,True,17.350656,False,
RDL-n25-06,drone_range,24,9,10000,0.1,0.4,0.997,100,431.799643,420.765923,9.996569,0.0,1.037151,2,0.08,1.0,0.0,0.0,0.259288,0.25,True,17.733818,False,
RDL-n25-06,drone_range,30,9,10000,0.1,0.4,0.997,100,431.799643,420.765923,9.996569,0.0,1.037151,2,0.08,1.0,0.0,0.0,0.259288,0.25,True,17.42899,False,
RDL-n25-06,drone_range,8,10,10000,0.1,0.4,0.997,100,433.86335,427.316947,6.362012,0.0,0.184391,1,0.04,1.0,0.0,0.0,0.092195,0.125,True,18.101443,False,
RDL-n25-06,drone_range,12,10,10000,0.1,0.4,0.997,100,432.53187,425.985467,6.362012,0.0,0.184391,1,0.04,1.0,0.0,0.0,0.092195,0.125,True,18.039341,False,
RDL-n25-06,drone_range,16,10,10000,0.1,0.4,0.997,100,432.53187,425.985467,6.362012,0.0,0.184391,1,0.04,1.0,0.0,0.0,0.092195,0.125,True,18.021631,False,
RDL-n25-06,drone_range,20,10,10000,0.1,0.4,0.997,100,432.091013,421.057293,9.996569,0.0,1.037151,2,0.08,1.0,0.0,0.0,0.259288,0.25,True,16.783916,False,
RDL-n25-06,drone_range,24,10,10000,0.1,0.4,0.997,100,432.091013,421.057293,9.996569,0.0,1.037151,2,0.08,1.0,0.0,0.0,0.259288,0.25,True,16.693835,False,
RDL-n25-06,drone_range,30,10,10000,0.1,0.4,0.997,100,432.091013,421.057293,9.996569,0.0,1.037151,2,0.08,1.0,0.0,0.0,0.259288,0.25,True,16.756137,False,
RDL-n25-07,drone_range,8,1,10000,0.1,0.4,0.997,100,415.299745,407.530862,4.996159,0.0,2.772724,1,0.04,1.0,0.0,0.0,1.386362,0.125,True,17.221174,False,
RDL-n25-07,drone_range,12,1,10000,0.1,0.4,0.997,100,430.864287,423.095404,4.996159,0.0,2.772724,1,0.04,1.0,0.0,0.0,1.386362,0.125,True,16.991344,False,
RDL-n25-07,drone_range,16,1,10000,0.1,0.4,0.997,100,430.864287,423.095404,4.996159,0.0,2.772724,1,0.04,1.0,0.0,0.0,1.386362,0.125,True,17.180974,False,
RDL-n25-07,drone_range,20,1,10000,0.1,0.4,0.997,100,428.338938,415.185405,11.999015,0.0,1.154518,2,0.08,1.0,0.0,0.0,0.288629,0.25,True,16.484638,False,
RDL-n25-07,drone_range,24,1,10000,0.1,0.4,0.997,100,428.338938,415.185405,11.999015,0.0,1.154518,2,0.08,1.0,0.0,0.0,0.288629,0.25,True,16.254408,False,
RDL-n25-07,drone_range,30,1,10000,0.1,0.4,0.997,100,428.338938,415.185405,11.999015,0.0,1.154518,2,0.08,1.0,0.0,0.0,0.288629,0.25,True,16.3136,False,
RDL-n25-07,drone_range,8,2,10000,0.1,0.4,0.997,100,432.124528,432.124528,0.0,0.0,0.0,0,0.0,1.0,0.0,0.0,0.0,0.0,True,17.468912,False,
RDL-n25-07,drone_range,12,2,10000,0.1,0.4,0.997,100,427.920949,427.920949,0.0,0.0,0.0,0,0.0,1.0,0.0,0.0,0.0,0.0,True,17.098818,False,
RDL-n25-07,drone_range,16,2,10000,0.1,0.4,0.997,100,427.920949,427.920949,0.0,0.0,0.0,0,0.0,1.0,0.0,0.0,0.0,0.0,True,17.186731,False,
RDL-n25-07,drone_range,20,2,10000,0.1,0.4,0.997,100,415.939908,408.171025,4.996159,0.0,2.772724,1,0.04,1.0,0.0,0.0,1.386362,0.125,True,16.712854,False,
RDL-n25-07,drone_range,24,2,10000,0.1,0.4,0.997,100,415.939908,408.171025,4.996159,0.0,2.772724,1,0.04,1.0,0.0,0.0,1.386362,0.125,True,16.633782,False,
RDL-n25-07,drone_range,30,2,10000,0.1,0.4,0.997,100,415.939908,408.171025,4.996159,0.0,2.772724,1,0.04,1.0,0.0,0.0,1.386362,0.125,True,16.584617,False,
RDL-n25-07,drone_range,8,3,10000,0.1,0.4,0.997,100,427.920949,427.920949,0.0,0.0,0.0,0,0.0,1.0,0.0,0.0,0.0,0.0,True,17.497917,False,
RDL-n25-07,drone_range,12,3,10000,0.1,0.4,0.997,100,415.299745,407.530862,4.996159,0.0,2.772724,1,0.04,1.0,0.0,0.0,1.386362,0.125,True,16.833577,False,
RDL-n25-07,drone_range,16,3,10000,0.1,0.4,0.997,100,415.299745,407.530862,4.996159,0.0,2.772724,1,0.04,1.0,0.0,0.0,1.386362,0.125,True,16.971261,False,
RDL-n25-07,drone_range,20,3,10000,0.1,0.4,0.997,100,420.379819,358.148331,57.388563,0.0,4.842925,4,0.16,1.0,0.0,0.0,0.605366,0.5,True,16.204188,False,
RDL-n25-07,drone_range,24,3,10000,0.1,0.4,0.997,100,420.379819,358.148331,57.388563,0.0,4.842925,4,0.16,1.0,0.0,0.0,0.605366,0.5,True,16.313125,False,
RDL-n25-07,drone_range,30,3,10000,0.1,0.4,0.997,100,420.379819,358.148331,57.388563,0.0,4.842925,4,0.16,1.0,0.0,0.0,0.605366,0.5,True,16.214093,False,
RDL-n25-07,drone_range,8,4,10000,0.1,0.4,0.997,100,428.30345,428.30345,0.0,0.0,0.0,0,0.0,1.0,0.0,0.0,0.0,0.0,True,17.522231,False,
RDL-n25-07,drone_range,12,4,10000,0.1,0.4,0.997,100,428.26876,428.26876,0.0,0.0,0.0,0,0.0,1.0,0.0,0.0,0.0,0.0,True,17.33026,False,
RDL-n25-07,drone_range,16,4,10000,0.1,0.4,0.997,100,428.26876,428.26876,0.0,0.0,0.0,0,0.0,1.0,0.0,0.0,0.0,0.0,True,17.423464,False,
RDL-n25-07,drone_range,20,4,10000,0.1,0.4,0.997,100,427.97165,373.509046,52.392404,0.0,2.0702,3,0.12,1.0,0.0,0.0,0.345033,0.375,True,16.682839,False,
RDL-n25-07,drone_range,24,4,10000,0.1,0.4,0.997,100,427.97165,373.509046,52.392404,0.0,2.0702,3,0.12,1.0,0.0,0.0,0.345033,0.375,True,16.699571,False,
RDL-n25-07,drone_range,30,4,10000,0.1,0.4,0.997,100,427.97165,373.509046,52.392404,0.0,2.0702,3,0.12,1.0,0.0,0.0,0.345033,0.375,True,16.686635,False,
RDL-n25-07,drone_range,8,5,10000,0.1,0.4,0.997,100,428.179059,428.179059,0.0,0.0,0.0,0,0.0,1.0,0.0,0.0,0.0,0.0,True,17.6449,False,
RDL-n25-07,drone_range,12,5,10000,0.1,0.4,0.997,100,427.920949,427.920949,0.0,0.0,0.0,0,0.0,1.0,0.0,0.0,0.0,0.0,True,17.095679,False,
RDL-n25-07,drone_range,16,5,10000,0.1,0.4,0.997,100,427.920949,427.920949,0.0,0.0,0.0,0,0.0,1.0,0.0,0.0,0.0,0.0,True,16.912453,False,
RDL-n25-07,drone_range,20,5,10000,0.1,0.4,0.997,100,413.620143,350.884442,57.388563,0.0,5.347138,4,0.16,1.0,0.0,0.0,0.668392,0.5,True,15.979831,False,
RDL-n25-07,drone_range,24,5,10000,0.1,0.4,0.997,100,413.620143,350.884442,57.388563,0.0,5.347138,4,0.16,1.0,0.0,0.0,0.668392,0.5,True,15.968395,False,
RDL-n25-07,drone_range,30,5,10000,0.1,0.4,0.997,100,413.620143,350.884442,57.388563,0.0,5.347138,4,0.16,1.0,0.0,0.0,0.668392,0.5,True,15.991316,False,
RDL-n25-07,drone_range,8,6,10000,0.1,0.4,0.997,100,428.26876,428.26876,0.0,0.0,0.0,0,0.0,1.0,0.0,0.0,0.0,0.0,True,17.461394,False,
RDL-n25-07,drone_range,12,6,10000,0.1,0.4,0.997,100,415.465879,407.696996,4.996159,0.0,2.772724,1,0.04,1.0,0.0,0.0,1.386362,0.125,True,17.110838,False,
RDL-n25-07,drone_range,16,6,10000,0.1,0.4,0.997,100,415.465879,407.696996,4.996159,0.0,2.772724,1,0.04,1.0,0.0,0.0,1.386362,0.125,True,17.118476,False,
RDL-n25-07,drone_range,20,6,10000,0.1,0.4,0.997,100,426.452664,371.99006,52.392404,0.0,2.0702,3,0.12,1.0,0.0,0.0,0.345033,0.375,True,15.840781,False,
RDL-n25-07,drone_range,24,6,10000,0.1,0.4,0.997,100,426.452664,371.99006,52.392404,0.0,2.0702,3,0.12,1.0,0.0,0.0,0.345033,0.375,True,15.756704,False,
RDL-n25-07,drone_range,30,6,10000,0.1,0.4,0.997,100,426.452664,371.99006,52.392404,0.0,2.0702,3,0.12,1.0,0.0,0.0,0.345033,0.375,True,15.788152,False,
RDL-n25-07,drone_range,8,7,10000,0.1,0.4,0.997,100,415.458377,407.689494,4.996159,0.0,2.772724,1,0.04,1.0,0.0,0.0,1.386362,0.125,True,16.795471,False,
RDL-n25-07,drone_range,12,7,10000,0.1,0.4,0.997,100,418.739714,410.970831,4.996159,0.0,2.772724,1,0.04,1.0,0.0,0.0,1.386362,0.125,True,16.909093,False,
RDL-n25-07,drone_range,16,7,10000,0.1,0.4,0.997,100,418.739714,410.970831,4.996159,0.0,2.772724,1,0.04,1.0,0.0,0.0,1.386362,0.125,True,16.846193,False,
RDL-n25-07,drone_range,20,7,10000,0.1,0.4,0.997,100,420.777987,413.009104,4.996159,0.0,2.772724,1,0.04,1.0,0.0,0.0,1.386362,0.125,True,15.730456,False,
RDL-n25-07,drone_range,24,7,10000,0.1,0.4,0.997,100,420.777987,413.009104,4.996159,0.0,2.772724,1,0.04,1.0,0.0,0.0,1.386362,0.125,True,15.722998,False,
RDL-n25-07,drone_range,30,7,10000,0.1,0.4,0.997,100,420.777987,413.009104,4.996159,0.0,2.772724,1,0.04,1.0,0.0,0.0,1.386362,0.125,True,15.771713,False,
RDL-n25-07,drone_range,8,8,10000,0.1,0.4,0.997,100,428.26876,428.26876,0.0,0.0,0.0,0,0.0,1.0,0.0,0.0,0.0,0.0,True,17.233689,False,
RDL-n25-07,drone_range,12,8,10000,0.1,0.4,0.997,100,427.920949,427.920949,0.0,0.0,0.0,0,0.0,1.0,0.0,0.0,0.0,0.0,True,16.686059,False,
RDL-n25-07,drone_range,16,8,10000,0.1,0.4,0.997,100,427.920949,427.920949,0.0,0.0,0.0,0,0.0,1.0,0.0,0.0,0.0,0.0,True,16.760171,False,
RDL-n25-07,drone_range,20,8,10000,0.1,0.4,0.997,100,415.299745,407.530862,4.996159,0.0,2.772724,1,0.04,1.0,0.0,0.0,1.386362,0.125,True,16.189748,False,
RDL-n25-07,drone_range,24,8,10000,0.1,0.4,0.997,100,415.299745,407.530862,4.996159,0.0,2.772724,1,0.04,1.0,0.0,0.0,1.386362,0.125,True,16.145153,False,
RDL-n25-07,drone_range,30,8,10000,0.1,0.4,0.997,100,415.299745,407.530862,4.996159,0.0,2.772724,1,0.04,1.0,0.0,0.0,1.386362,0.125,True,16.20822,False,
RDL-n25-07,drone_range,8,9,10000,0.1,0.4,0.997,100,415.500121,407.731238,4.996159,0.0,2.772724,1,0.04,1.0,0.0,0.0,1.386362,0.125,True,16.822473,False,
RDL-n25-07,drone_range,12,9,10000,0.1,0.4,0.997,100,428.26876,428.26876,0.0,0.0,0.0,0,0.0,1.0,0.0,0.0,0.0,0.0,True,17.025089,False,
RDL-n25-07,drone_range,16,9,10000,0.1,0.4,0.997,100,428.26876,428.26876,0.0,0.0,0.0,0,0.0,1.0,0.0,0.0,0.0,0.0,True,17.018584,False,
RDL-n25-07,drone_range,20,9,10000,0.1,0.4,0.997,100,419.197615,364.230796,52.392404,0.0,2.574414,3,0.12,1.0,0.0,0.0,0.429069,0.375,True,15.876933,False,
RDL-n25-07,drone_range,24,9,10000,0.1,0.4,0.997,100,419.197615,364.230796,52.392404,0.0,2.574414,3,0.12,1.0,0.0,0.0,0.429069,0.375,True,15.870073,False,
RDL-n25-07,drone_range,30,9,10000,0.1,0.4,0.997,100,419.197615,364.230796,52.392404,0.0,2.574414,3,0.12,1.0,0.0,0.0,0.429069,0.375,True,15.891738,False,
RDL-n25-07,drone_range,8,10,10000,0.1,0.4,0.997,100,415.333987,407.565104,4.996159,0.0,2.772724,1,0.04,1.0,0.0,0.0,1.386362,0.125,True,16.986906,False,
RDL-n25-07,drone_range,12,10,10000,0.1,0.4,0.997,100,427.920949,427.920949,0.0,0.0,0.0,0,0.0,1.0,0.0,0.0,0.0,0.0,True,16.697714,False,
RDL-n25-07,drone_range,16,10,10000,0.1,0.4,0.997,100,427.920949,427.920949,0.0,0.0,0.0,0,0.0,1.0,0.0,0.0,0.0,0.0,True,16.687693,False,
RDL-n25-07,drone_range,20,10,10000,0.1,0.4,0.997,100,428.26876,428.26876,0.0,0.0,0.0,0,0.0,1.0,0.0,0.0,0.0,0.0,True,15.956309,False,
RDL-n25-07,drone_range,24,10,10000,0.1,0.4,0.997,100,428.26876,428.26876,0.0,0.0,0.0,0,0.0,1.0,0.0,0.0,0.0,0.0,True,15.949782,False,
RDL-n25-07,drone_range,30,10,10000,0.1,0.4,0.997,100,428.26876,428.26876,0.0,0.0,0.0,0,0.0,1.0,0.0,0.0,0.0,0.0,True,15.953978,False,
RDL-n25-08,drone_range,8,1,10000,0.1,0.4,0.997,100,505.682375,485.232851,13.93126,3.88488,2.633384,2,0.08,0.96,0.01554,0.388488,0.658346,0.25,True,16.789702,False,
RDL-n25-08,drone_range,12,1,10000,0.1,0.4,0.997,100,507.691745,499.769036,6.96563,0.0,0.957079,1,0.04,1.0,0.0,0.0,0.478539,0.125,True,16.45181,False,
RDL-n25-08,drone_range,16,1,10000,0.1,0.4,0.997,100,507.52848,482.638647,20.89689,0.0,3.992943,3,0.12,1.0,0.0,0.0,0.665491,0.375,True,16.359001,False,
RDL-n25-08,drone_range,20,1,10000,0.1,0.4,0.997,100,507.296213,485.789105,13.93126,4.942464,2.633384,2,0.08,0.96,0.01977,0.494246,0.658346,0.25,True,16.517735,False,
RDL-n25-08,drone_range,24,1,10000,0.1,0.4,0.997,100,507.296213,485.789105,13.93126,4.942464,2.633384,2,0.08,0.96,0.01977,0.494246,0.658346,0.25,True,16.465482,False,
RDL-n25-08,drone_range,30,1,10000,0.1,0.4,0.997,100,507.296213,485.789105,13.93126,4.942464,2.633384,2,0.08,0.96,0.01977,0.494246,0.658346,0.25,True,16.504333,False,
RDL-n25-08,drone_range,8,2,10000,0.1,0.4,0.997,100,507.691745,499.769036,6.96563,0.0,0.957079,1,0.04,1.0,0.0,0.0,0.478539,0.125,True,17.338671,False,
RDL-n25-08,drone_range,12,2,10000,0.1,0.4,0.997,100,506.56317,486.113645,13.93126,3.88488,2.633384,2,0.08,0.96,0.01554,0.388488,0.658346,0.25,True,16.786262,False,
RDL-n25-08,drone_range,16,2,10000,0.1,0.4,0.997,100,506.826948,481.636554,20.89689,0.0,4.293505,3,0.12,1.0,0.0,0.0,0.715584,0.375,True,16.07867,False,
RDL-n25-08,drone_range,20,2,10000,0.1,0.4,0.997,100,506.826948,481.636554,20.89689,0.0,4.293505,3,0.12,1.0,0.0,0.0,0.715584,0.375,True,16.043782,False,
RDL-n25-08,drone_range,24,2,10000,0.1,0.4,0.997,100,506.826948,481.636554,20.89689,0.0,4.293505,3,0.12,1.0,0.0,0.0,0.715584,0.375,True,16.045624,False,
RDL-n25-08,drone_range,30,2,10000,0.1,0.4,0.997,100,506.826948,481.636554,20.89689,0.0,4.293505,3,0.12,1.0,0.0,0.0,0.715584,0.375,True,15.967821,False,
RDL-n25-08,drone_range,8,3,10000,0.1,0.4,0.997,100,507.691745,499.769036,6.96563,0.0,0.957079,1,0.04,1.0,0.0,0.0,0.478539,0.125,True,17.006737,False,
RDL-n25-08,drone_range,12,3,10000,0.1,0.4,0.997,100,506.826948,481.636554,20.89689,0.0,4.293505,3,0.12,0.96,0.075065,1.876635,0.715584,0.375,True,16.90587,False,
RDL-n25-08,drone_range,16,3,10000,0.1,0.4,0.997,100,513.607596,502.316961,6.96563,3.367926,0.957079,1,0.04,0.96,0.013472,0.336793,0.478539,0.125,True,16.828394,False,
RDL-n25-08,drone_range,20,3,10000,0.1,0.4,0.997,100,506.826948,481.636554,20.89689,0.0,4.293505,3,0.12,1.0,0.0,0.0,0.715584,0.375,True,15.805177,False,
RDL-n25-08,drone_range,24,3,10000,0.1,0.4,0.997,100,506.826948,481.636554,20.89689,0.0,4.293505,3,0.12,1.0,0.0,0.0,0.715584,0.375,True,15.798128,False,
RDL-n25-08,drone_range,30,3,10000,0.1,0.4,0.997,100,506.826948,481.636554,20.89689,0.0,4.293505,3,0.12,1.0,0.0,0.0,0.715584,0.375,True,15.818164,False,
RDL-n25-08,drone_range,8,4,10000,0.1,0.4,0.997,100,506.826948,481.636554,20.89689,0.0,4.293505,3,0.12,1.0,0.0,0.0,0.715584,0.375,True,16.723304,False,
RDL-n25-08,drone_range,12,4,10000,0.1,0.4,0.997,100,507.691745,499.769036,6.96563,0.0,0.957079,1,0.04,1.0,0.0,0.0,0.478539,0.125,True,16.460286,False,
RDL-n25-08,drone_range,16,4,10000,0.1,0.4,0.997,100,505.682375,485.232851,13.93126,3.88488,2.633384,2,0.08,0.96,0.01554,0.388488,0.658346,0.25,True,16.677183,False,
RDL-n25-08,drone_range,20,4,10000,0.1,0.4,0.997,100,507.691745,499.769036,6.96563,0.0,0.957079,1,0.04,1.0,0.0,0.0,0.478539,0.125,True,15.864551,False,
RDL-n25-08,drone_range,24,4,10000,0.1,0.4,0.997,100,507.691745,499.769036,6.96563,0.0,0.957079,1,0.04,1.0,0.0,0.0,0.478539,0.125,True,15.802295,False,
RDL-n25-08,drone_range,30,4,10000,0.1,0.4,0.997,100,507.691745,499.769036,6.96563,0.0,0.957079,1,0.04,1.0,0.0,0.0,0.478539,0.125,True,15.8595,False,
RDL-n25-08,drone_range,8,5,10000,0.1,0.4,0.997,100,506.826948,481.636554,20.89689,0.0,4.293505,3,0.12,1.0,0.0,0.0,0.715584,0.375,True,17.09981,False,
RDL-n25-08,drone_range,12,5,10000,0.1,0.4,0.997,100,506.826948,481.636554,20.89689,0.0,4.293505,3,0.12,1.0,0.0,0.0,0.715584,0.375,True,16.461078,False,
RDL-n25-08,drone_range,16,5,10000,0.1,0.4,0.997,100,506.829263,481.638869,20.89689,0.0,4.293505,3,0.12,1.0,0.0,0.0,0.715584,0.375,True,16.571204,False,
RDL-n25-08,drone_range,20,5,10000,0.1,0.4,0.997,100,507.691745,499.769036,6.96563,0.0,0.957079,1,0.04,1.0,0.0,0.0,0.478539,0.125,True,15.743337,False,
RDL-n25-08,drone_range,24,5,10000,0.1,0.4,0.997,100,507.691745,499.769036,6.96563,0.0,0.957079,1,0.04,1.0,0.0,0.0,0.478539,0.125,True,15.722683,False,
RDL-n25-08,drone_range,30,5,10000,0.1,0.4,0.997,100,507.691745,499.769036,6.96563,0.0,0.957079,1,0.04,1.0,0.0,0.0,0.478539,0.125,True,15.729197,False,
RDL-n25-08,drone_range,8,6,10000,0.1,0.4,0.997,100,507.691745,499.769036,6.96563,0.0,0.957079,1,0.04,1.0,0.0,0.0,0.478539,0.125,True,17.037995,False,
RDL-n25-08,drone_range,12,6,10000,0.1,0.4,0.997,100,507.269889,482.380056,20.89689,0.0,3.992943,3,0.12,1.0,0.0,0.0,0.665491,0.375,True,16.405938,False,
RDL-n25-08,drone_range,16,6,10000,0.1,0.4,0.997,100,506.826948,481.636554,20.89689,0.0,4.293505,3,0.12,1.0,0.0,0.0,0.715584,0.375,True,16.313695,False,
RDL-n25-08,drone_range,20,6,10000,0.1,0.4,0.997,100,510.624973,499.334338,6.96563,3.367926,0.957079,1,0.04,0.96,0.013472,0.336793,0.478539,0.125,True,15.85345,False,
RDL-n25-08,drone_range,24,6,10000,0.1,0.4,0.997,100,510.624973,499.334338,6.96563,3.367926,0.957079,1,0.04,0.96,0.013472,0.336793,0.478539,0.125,True,15.803534,False,
RDL-n25-08,drone_range,30,6,10000,0.1,0.4,0.997,100,510.624973,499.334338,6.96563,3.367926,0.957079,1,0.04,0.96,0.013472,0.336793,0.478539,0.125,True,15.824157,False,
RDL-n25-08,drone_range,8,7,10000,0.1,0.4,0.997,100,506.826948,481.636554,20.89689,0.0,4.293505,3,0.12,1.0,0.0,0.0,0.715584,0.375,True,17.239942,False,
RDL-n25-08,drone_range,12,7,10000,0.1,0.4,0.997,100,506.826948,481.636554,20.89689,0.0,4.293505,3,0.12,0.96,0.075065,1.876635,0.715584,0.375,True,16.741828,False,
RDL-n25-08,drone_range,16,7,10000,0.1,0.4,0.997,100,507.06685,481.876455,20.89689,0.0,4.293505,3,0.12,0.96,0.116452,2.911288,0.715584,0.375,True,16.470594,False,
RDL-n25-08,drone_range,20,7,10000,0.1,0.4,0.997,100,506.826948,481.636554,20.89689,0.0,4.293505,3,0.12,1.0,0.0,0.0,0.715584,0.375,True,15.853804,False,
RDL-n25-08,drone_range,24,7,10000,0.1,0.4,0.997,100,506.826948,481.636554,20.89689,0.0,4.293505,3,0.12,1.0,0.0,0.0,0.715584,0.375,True,15.850391,False,
RDL-n25-08,drone_range,30,7,10000,0.1,0.4,0.997,100,506.826948,481.636554,20.89689,0.0,4.293505,3,0.12,1.0,0.0,0.0,0.715584,0.375,True,15.837116,False,
RDL-n25-08,drone_range,8,8,10000,0.1,0.4,0.997,100,506.826948,481.636554,20.89689,0.0,4.293505,3,0.12,1.0,0.0,0.0,0.715584,0.375,True,17.041553,False,
RDL-n25-08,drone_range,12,8,10000,0.1,0.4,0.997,100,505.699456,485.249932,13.93126,3.88488,2.633384,2,0.08,0.96,0.01554,0.388488,0.658346,0.25,True,16.534115,False,
RDL-n25-08,drone_range,16,8,10000,0.1,0.4,0.997,100,507.064535,481.87414,20.89689,0.0,4.293505,3,0.12,1.0,0.0,0.0,0.715584,0.375,True,16.672862,False,
RDL-n25-08,drone_range,20,8,10000,0.1,0.4,0.997,100,507.06685,481.876455,20.89689,0.0,4.293505,3,0.12,1.0,0.0,0.0,0.715584,0.375,True,16.035109,False,
RDL-n25-08,drone_range,24,8,10000,0.1,0.4,0.997,100,507.06685,481.876455,20.89689,0.0,4.293505,3,0.12,1.0,0.0,0.0,0.715584,0.375,True,16.040357,False,
RDL-n25-08,drone_range,30,8,10000,0.1,0.4,0.997,100,507.06685,481.876455,20.89689,0.0,4.293505,3,0.12,1.0,0.0,0.0,0.715584,0.375,True,16.014992,False,
RDL-n25-08,drone_range,8,9,10000,0.1,0.4,0.997,100,505.699456,485.249932,13.93126,3.88488,2.633384,2,0.08,0.96,0.01554,0.388488,0.658346,0.25,True,17.032568,False,
RDL-n25-08,drone_range,12,9,10000,0.1,0.4,0.997,100,507.381229,486.931705,13.93126,3.88488,2.633384,2,0.08,0.96,0.01554,0.388488,0.658346,0.25,True,16.090527,False,
RDL-n25-08,drone_range,16,9,10000,0.1,0.4,0.997,100,506.826948,481.636554,20.89689,0.0,4.293505,3,0.12,1.0,0.0,0.0,0.715584,0.375,True,16.2457,False,
RDL-n25-08,drone_range,20,9,10000,0.1,0.4,0.997,100,507.691745,499.769036,6.96563,0.0,0.957079,1,0.04,1.0,0.0,0.0,0.478539,0.125,True,15.772742,False,
RDL-n25-08,drone_range,24,9,10000,0.1,0.4,0.997,100,507.691745,499.769036,6.96563,0.0,0.957079,1,0.04,1.0,0.0,0.0,0.478539,0.125,True,15.790277,False,
RDL-n25-08,drone_range,30,9,10000,0.1,0.4,0.997,100,507.691745,499.769036,6.96563,0.0,0.957079,1,0.04,1.0,0.0,0.0,0.478539,0.125,True,15.826833,False,
RDL-n25-08,drone_range,8,10,10000,0.1,0.4,0.997,100,506.826948,481.636554,20.89689,0.0,4.293505,3,0.12,1.0,0.0,0.0,0.715584,0.375,True,16.513123,False,
RDL-n25-08,drone_range,12,10,10000,0.1,0.4,0.997,100,507.691745,499.769036,6.96563,0.0,0.957079,1,0.04,1.0,0.0,0.0,0.478539,0.125,True,16.474896,False,
RDL-n25-08,drone_range,16,10,10000,0.1,0.4,0.997,100,510.624973,499.334338,6.96563,3.367926,0.957079,1,0.04,0.96,0.013472,0.336793,0.478539,0.125,True,16.290718,False,
RDL-n25-08,drone_range,20,10,10000,0.1,0.4,0.997,100,506.826948,481.636554,20.89689,0.0,4.293505,3,0.12,1.0,0.0,0.0,0.715584,0.375,True,15.767385,False,
RDL-n25-08,drone_range,24,10,10000,0.1,0.4,0.997,100,506.826948,481.636554,20.89689,0.0,4.293505,3,0.12,1.0,0.0,0.0,0.715584,0.375,True,15.779519,False,
RDL-n25-08,drone_range,30,10,10000,0.1,0.4,0.997,100,506.826948,481.636554,20.89689,0.0,4.293505,3,0.12,1.0,0.0,0.0,0.715584,0.375,True,15.820117,False,
