Instance,n,Iterations,xi_min,xi_max,eta,psi,Run,Cost,RiderCost,DroneCost,DelayCost,WalkCost,Direct,Drone,Time,Feasible
RDL-n25-01,25,10000,0.1,0.4,0.997,100,0,254.61,229.18,21.2,0.0,4.22,21,4,21.82,True
RDL-n25-01,25,10000,0.1,0.4,0.997,100,1,254.1,242.32,9.22,0.0,2.55,23,2,21.58,True
RDL-n25-01,25,10000,0.1,0.4,0.997,100,2,256.69,250.28,5.46,0.0,0.95,24,1,21.56,True
RDL-n25-01,25,10000,0.1,0.4,0.997,100,3,254.61,229.18,21.2,0.0,4.22,21,4,21.12,True
RDL-n25-01,25,10000,0.1,0.4,0.997,100,4,254.45,243.63,9.22,0.0,1.6,23,2,21.53,True
RDL-n25-01,25,10000,0.1,0.4,0.997,100,5,256.67,250.25,5.46,0.0,0.95,24,1,20.92,True
RDL-n25-01,25,10000,0.1,0.4,0.997,100,6,253.68,227.81,21.2,0.0,4.67,21,4,21.03,True
RDL-n25-01,25,10000,0.1,0.4,0.997,100,7,253.72,215.12,33.14,0.0,5.46,20,5,21.7,True
RDL-n25-01,25,10000,0.1,0.4,0.997,100,8,253.87,242.1,9.22,0.0,2.55,23,2,21.65,True
RDL-n25-01,25,10000,0.1,0.4,0.997,100,9,252.47,227.65,21.2,0.0,3.62,21,4,21.31,True
RDL-n25-02,25,10000,0.1,0.4,0.997,100,0,478.16,428.13,43.34,0.0,6.69,21,4,22.05,True
RDL-n25-02,25,10000,0.1,0.4,0.997,100,1,478.16,428.13,43.34,0.0,6.69,21,4,22.55,True
RDL-n25-02,25,10000,0.1,0.4,0.997,100,2,488.71,436.91,43.34,0.0,8.45,21,4,22.8,True
RDL-n25-02,25,10000,0.1,0.4,0.997,100,3,478.03,403.82,58.44,7.16,8.6,19,6,22.46,True
RDL-n25-02,25,10000,0.1,0.4,0.997,100,4,478.31,430.01,36.45,4.53,7.32,22,3,22.5,True
RDL-n25-02,25,10000,0.1,0.4,0.997,100,5,478.16,428.13,43.34,0.0,6.69,21,4,21.79,True
RDL-n25-02,25,10000,0.1,0.4,0.997,100,6,475.37,424.0,43.78,0.0,7.59,21,4,23.92,True
RDL-n25-02,25,10000,0.1,0.4,0.997,100,7,477.88,410.83,58.44,0.0,8.6,19,6,24.97,True
RDL-n25-02,25,10000,0.1,0.4,0.997,100,8,477.85,403.64,58.44,7.16,8.6,19,6,26.36,True
RDL-n25-02,25,10000,0.1,0.4,0.997,100,9,478.16,428.13,43.34,0.0,6.69,21,4,28.72,True
RDL-n25-03,25,10000,0.1,0.4,0.997,100,0,457.91,435.92,19.15,0.0,2.84,23,2,20.33,True
RDL-n25-03,25,10000,0.1,0.4,0.997,100,1,434.55,430.02,2.29,0.0,2.25,24,1,20.58,True
RDL-n25-03,25,10000,0.1,0.4,0.997,100,2,452.99,435.53,16.86,0.0,0.6,24,1,19.89,True
RDL-n25-03,25,10000,0.1,0.4,0.997,100,3,439.86,430.91,4.57,0.0,4.38,23,2,19.85,True
RDL-n25-03,25,10000,0.1,0.4,0.997,100,4,435.26,430.72,2.29,0.0,2.25,24,1,19.92,True
RDL-n25-03,25,10000,0.1,0.4,0.997,100,5,439.86,430.91,4.57,0.0,4.38,23,2,19.85,True
RDL-n25-03,25,10000,0.1,0.4,0.997,100,6,452.74,435.28,16.86,0.0,0.6,24,1,19.07,True
RDL-n25-03,25,10000,0.1,0.4,0.997,100,7,433.43,428.89,2.29,0.0,2.25,24,1,19.62,True
RDL-n25-03,25,10000,0.1,0.4,0.997,100,8,439.99,410.83,23.55,0.0,5.61,21,4,19.35,True
RDL-n25-03,25,10000,0.1,0.4,0.997,100,9,441.9,441.9,0.0,0.0,0.0,25,0,19.63,True
RDL-n25-04,25,10000,0.1,0.4,0.997,100,0,530.21,472.11,55.56,0.0,2.54,22,3,20.19,True
RDL-n25-04,25,10000,0.1,0.4,0.997,100,1,529.71,529.71,0.0,0.0,0.0,25,0,19.8,True
RDL-n25-04,25,10000,0.1,0.4,0.997,100,2,529.7,529.7,0.0,0.0,0.0,25,0,20.15,True
RDL-n25-04,25,10000,0.1,0.4,0.997,100,3,531.57,531.57,0.0,0.0,0.0,25,0,20.27,True
RDL-n25-04,25,10000,0.1,0.4,0.997,100,4,529.51,471.41,55.56,0.0,2.54,22,3,20.42,True
RDL-n25-04,25,10000,0.1,0.4,0.997,100,5,529.85,529.85,0.0,0.0,0.0,25,0,19.88,True
RDL-n25-04,25,10000,0.1,0.4,0.997,100,6,528.16,528.16,0.0,0.0,0.0,25,0,20.07,True
RDL-n25-04,25,10000,0.1,0.4,0.997,100,7,528.92,528.92,0.0,0.0,0.0,25,0,19.75,True
RDL-n25-04,25,10000,0.1,0.4,0.997,100,8,532.33,532.33,0.0,0.0,0.0,25,0,20.67,True
RDL-n25-04,25,10000,0.1,0.4,0.997,100,9,532.46,532.46,0.0,0.0,0.0,25,0,20.61,True
RDL-n25-05,25,10000,0.1,0.4,0.997,100,0,712.05,637.99,68.95,0.0,5.12,20,5,21.53,True
RDL-n25-05,25,10000,0.1,0.4,0.997,100,1,712.05,637.99,68.95,0.0,5.12,20,5,21.66,True
RDL-n25-05,25,10000,0.1,0.4,0.997,100,2,712.05,637.99,68.95,0.0,5.12,20,5,21.63,True
RDL-n25-05,25,10000,0.1,0.4,0.997,100,3,712.05,637.99,68.95,0.0,5.12,20,5,21.92,True
RDL-n25-05,25,10000,0.1,0.4,0.997,100,4,712.05,637.99,68.95,0.0,5.12,20,5,22.09,True
RDL-n25-05,25,10000,0.1,0.4,0.997,100,5,712.05,637.99,68.95,0.0,5.12,20,5,21.0,True
RDL-n25-05,25,10000,0.1,0.4,0.997,100,6,712.05,637.99,68.95,0.0,5.12,20,5,21.7,True
RDL-n25-05,25,10000,0.1,0.4,0.997,100,7,712.05,637.99,68.95,0.0,5.12,20,5,21.73,True
RDL-n25-05,25,10000,0.1,0.4,0.997,100,8,712.05,637.99,68.95,0.0,5.12,20,5,21.71,True
RDL-n25-05,25,10000,0.1,0.4,0.997,100,9,712.05,637.99,68.95,0.0,5.12,20,5,21.44,True
RDL-n25-06,25,10000,0.1,0.4,0.997,100,0,432.52,425.97,6.36,0.0,0.18,24,1,21.25,True
RDL-n25-06,25,10000,0.1,0.4,0.997,100,1,430.94,419.91,10.0,0.0,1.04,23,2,20.89,True
RDL-n25-06,25,10000,0.1,0.4,0.997,100,2,431.8,420.77,10.0,0.0,1.04,23,2,21.21,True
RDL-n25-06,25,10000,0.1,0.4,0.997,100,3,432.8,426.25,6.36,0.0,0.18,24,1,21.49,True
RDL-n25-06,25,10000,0.1,0.4,0.997,100,4,431.8,420.77,10.0,0.0,1.04,23,2,21.27,True
RDL-n25-06,25,10000,0.1,0.4,0.997,100,5,432.52,425.97,6.36,0.0,0.18,24,1,20.84,True
RDL-n25-06,25,10000,0.1,0.4,0.997,100,6,432.53,425.99,6.36,0.0,0.18,24,1,21.34,True
RDL-n25-06,25,10000,0.1,0.4,0.997,100,7,432.52,425.97,6.36,0.0,0.18,24,1,21.3,True
RDL-n25-06,25,10000,0.1,0.4,0.997,100,8,432.53,425.99,6.36,0.0,0.18,24,1,21.31,True
RDL-n25-06,25,10000,0.1,0.4,0.997,100,9,433.84,408.68,23.48,0.0,1.67,22,3,22.47,True
RDL-n25-07,25,10000,0.1,0.4,0.997,100,0,428.43,428.43,0.0,0.0,0.0,25,0,20.69,True
RDL-n25-07,25,10000,0.1,0.4,0.997,100,1,420.03,365.06,52.39,0.0,2.57,22,3,19.72,True
RDL-n25-07,25,10000,0.1,0.4,0.997,100,2,427.92,427.92,0.0,0.0,0.0,25,0,20.35,True
RDL-n25-07,25,10000,0.1,0.4,0.997,100,3,415.3,407.53,5.0,0.0,2.77,24,1,19.99,True
RDL-n25-07,25,10000,0.1,0.4,0.997,100,4,428.05,428.05,0.0,0.0,0.0,25,0,20.61,True
RDL-n25-07,25,10000,0.1,0.4,0.997,100,5,427.92,427.92,0.0,0.0,0.0,25,0,20.25,True
RDL-n25-07,25,10000,0.1,0.4,0.997,100,6,414.07,351.84,57.39,0.0,4.84,21,4,20.7,True
RDL-n25-07,25,10000,0.1,0.4,0.997,100,7,428.27,428.27,0.0,0.0,0.0,25,0,20.36,True
RDL-n25-07,25,10000,0.1,0.4,0.997,100,8,418.83,356.1,57.39,0.0,5.35,21,4,19.89,True
RDL-n25-07,25,10000,0.1,0.4,0.997,100,9,415.97,353.23,57.39,0.0,5.35,21,4,20.03,True
RDL-n25-08,25,10000,0.1,0.4,0.997,100,0,507.69,499.77,6.97,0.0,0.96,24,1,19.67,True
RDL-n25-08,25,10000,0.1,0.4,0.997,100,1,505.68,485.23,13.93,3.88,2.63,23,2,21.7,True
RDL-n25-08,25,10000,0.1,0.4,0.997,100,2,507.69,499.77,6.97,0.0,0.96,24,1,20.83,True
RDL-n25-08,25,10000,0.1,0.4,0.997,100,3,510.62,499.33,6.97,3.37,0.96,24,1,21.52,True
RDL-n25-08,25,10000,0.1,0.4,0.997,100,4,507.69,499.77,6.97,0.0,0.96,24,1,20.6,True
RDL-n25-08,25,10000,0.1,0.4,0.997,100,5,506.83,481.64,20.9,0.0,4.29,22,3,20.49,True
RDL-n25-08,25,10000,0.1,0.4,0.997,100,6,507.69,499.77,6.97,0.0,0.96,24,1,21.31,True
RDL-n25-08,25,10000,0.1,0.4,0.997,100,7,507.69,499.77,6.97,0.0,0.96,24,1,20.43,True
RDL-n25-08,25,10000,0.1,0.4,0.997,100,8,507.98,482.79,20.9,0.0,4.29,22,3,21.26,True
RDL-n25-08,25,10000,0.1,0.4,0.997,100,9,505.68,485.23,13.93,3.88,2.63,23,2,20.5,True
RDL-n50-01,50,15000,0.1,0.4,0.997,100,0,724.09,679.9,39.75,0.0,4.45,45,5,193.65,True
RDL-n50-01,50,15000,0.1,0.4,0.997,100,1,719.88,666.24,48.77,0.0,4.86,44,6,200.74,True
RDL-n50-01,50,15000,0.1,0.4,0.997,100,2,712.11,676.44,30.88,1.09,3.7,46,4,208.75,True
RDL-n50-01,50,15000,0.1,0.4,0.997,100,3,731.11,714.64,13.0,1.35,2.13,48,2,181.34,True
RDL-n50-01,50,15000,0.1,0.4,0.997,100,4,731.65,674.94,39.75,12.52,4.45,45,5,169.12,True
RDL-n50-01,50,15000,0.1,0.4,0.997,100,5,727.42,673.79,48.77,0.0,4.86,44,6,151.2,True
RDL-n50-01,50,15000,0.1,0.4,0.997,100,6,725.82,685.99,36.1,0.0,3.74,46,4,153.5,True
RDL-n50-01,50,15000,0.1,0.4,0.997,100,7,715.52,679.36,30.72,1.11,4.32,46,4,156.03,True
RDL-n50-01,50,15000,0.1,0.4,0.997,100,8,729.0,674.48,49.09,0.14,5.28,44,6,176.4,True
RDL-n50-01,50,15000,0.1,0.4,0.997,100,9,742.81,688.73,48.61,0.0,5.48,44,6,185.49,True
RDL-n50-02,50,15000,0.1,0.4,0.997,100,0,884.72,841.22,38.06,2.83,2.61,46,4,190.74,True
RDL-n50-02,50,15000,0.1,0.4,0.997,100,1,872.89,803.58,62.84,0.41,6.05,44,6,195.29,True
RDL-n50-02,50,15000,0.1,0.4,0.997,100,2,873.86,832.59,33.32,2.85,5.11,46,4,193.95,True
RDL-n50-02,50,15000,0.1,0.4,0.997,100,3,868.76,807.29,53.24,0.2,8.02,44,6,186.18,True
RDL-n50-02,50,15000,0.1,0.4,0.997,100,4,868.78,799.79,62.13,0.68,6.19,43,7,196.86,True
RDL-n50-02,50,15000,0.1,0.4,0.997,100,5,876.68,807.75,63.83,0.0,5.11,43,7,186.82,True
RDL-n50-02,50,15000,0.1,0.4,0.997,100,6,875.37,825.49,40.96,2.36,6.56,45,5,184.5,True
RDL-n50-02,50,15000,0.1,0.4,0.997,100,7,869.95,803.94,57.85,1.46,6.7,43,7,183.92,True
RDL-n50-02,50,15000,0.1,0.4,0.997,100,8,874.05,834.28,33.32,1.35,5.11,46,4,189.42,True
RDL-n50-02,50,15000,0.1,0.4,0.997,100,9,882.62,798.2,77.77,0.0,6.65,42,8,184.82,True
RDL-n50-03,50,15000,0.1,0.4,0.997,100,0,1103.88,949.7,142.6,0.0,11.58,40,10,200.41,True
RDL-n50-03,50,15000,0.1,0.4,0.997,100,1,1082.18,981.3,91.33,0.0,9.54,43,7,187.2,True
RDL-n50-03,50,15000,0.1,0.4,0.997,100,2,1104.27,1038.77,57.54,1.19,6.78,46,4,192.11,True
RDL-n50-03,50,15000,0.1,0.4,0.997,100,3,1090.95,1035.18,49.49,2.02,4.27,46,4,187.21,True
RDL-n50-03,50,15000,0.1,0.4,0.997,100,4,1075.82,1001.03,67.95,0.0,6.84,44,6,190.09,True
RDL-n50-03,50,15000,0.1,0.4,0.997,100,5,1090.49,1013.23,68.72,1.19,7.36,45,5,188.18,True
RDL-n50-03,50,15000,0.1,0.4,0.997,100,6,1076.85,920.38,144.21,0.0,12.26,41,9,185.01,True
RDL-n50-03,50,15000,0.1,0.4,0.997,100,7,1078.11,1006.34,60.7,4.75,6.32,45,5,190.07,True
RDL-n50-03,50,15000,0.1,0.4,0.997,100,8,1097.88,989.61,98.61,0.0,9.66,42,8,186.53,True
RDL-n50-03,50,15000,0.1,0.4,0.997,100,9,1057.87,938.08,106.44,4.66,8.7,42,8,173.7,True
RDL-n50-04,50,15000,0.1,0.4,0.997,100,0,755.98,744.98,8.78,0.26,1.97,49,1,153.25,True
RDL-n50-04,50,15000,0.1,0.4,0.997,100,1,783.64,766.8,13.29,0.59,2.97,48,2,160.97,True
RDL-n50-04,50,15000,0.1,0.4,0.997,100,2,745.87,735.13,8.78,0.0,1.97,49,1,154.34,True
RDL-n50-04,50,15000,0.1,0.4,0.997,100,3,795.91,780.08,10.73,2.64,2.46,48,2,148.03,True
RDL-n50-04,50,15000,0.1,0.4,0.997,100,4,760.96,750.22,8.78,0.0,1.97,49,1,144.02,True
RDL-n50-04,50,15000,0.1,0.4,0.997,100,5,765.39,734.03,24.02,0.0,7.34,46,4,147.88,True
RDL-n50-04,50,15000,0.1,0.4,0.997,100,6,791.04,713.83,68.31,0.0,8.9,43,7,158.99,True
RDL-n50-04,50,15000,0.1,0.4,0.997,100,7,768.9,762.37,4.51,0.26,1.76,49,1,162.78,True
RDL-n50-04,50,15000,0.1,0.4,0.997,100,8,798.5,772.35,23.34,0.16,2.66,47,3,156.18,True
RDL-n50-04,50,15000,0.1,0.4,0.997,100,9,779.84,773.57,4.51,0.0,1.76,49,1,146.74,True
RDL-n50-05,50,15000,0.1,0.4,0.997,100,0,710.94,659.17,45.74,0.0,6.04,45,5,165.2,True
RDL-n50-05,50,15000,0.1,0.4,0.997,100,1,707.91,698.69,7.42,0.0,1.79,49,1,168.51,True
RDL-n50-05,50,15000,0.1,0.4,0.997,100,2,718.84,667.07,45.74,0.0,6.04,45,5,169.44,True
RDL-n50-05,50,15000,0.1,0.4,0.997,100,3,723.59,671.82,45.74,0.0,6.04,45,5,173.24,True
RDL-n50-05,50,15000,0.1,0.4,0.997,100,4,721.55,669.77,45.74,0.0,6.04,45,5,170.39,True
RDL-n50-05,50,15000,0.1,0.4,0.997,100,5,714.07,662.29,45.74,0.0,6.04,45,5,173.39,True
RDL-n50-05,50,15000,0.1,0.4,0.997,100,6,721.07,654.98,58.37,0.0,7.73,43,7,168.2,True
RDL-n50-05,50,15000,0.1,0.4,0.997,100,7,718.08,674.91,38.32,0.6,4.25,46,4,176.92,True
RDL-n50-05,50,15000,0.1,0.4,0.997,100,8,701.29,649.51,45.74,0.0,6.04,45,5,168.56,True
RDL-n50-05,50,15000,0.1,0.4,0.997,100,9,716.96,665.18,45.74,0.0,6.04,45,5,164.6,True
RDL-n50-06,50,15000,0.1,0.4,0.997,100,0,552.83,515.84,31.88,0.0,5.11,45,5,211.04,True
RDL-n50-06,50,15000,0.1,0.4,0.997,100,1,542.05,489.32,46.5,0.18,6.05,42,8,193.39,True
RDL-n50-06,50,15000,0.1,0.4,0.997,100,2,541.38,480.89,50.42,0.0,10.07,41,9,220.46,True
RDL-n50-06,50,15000,0.1,0.4,0.997,100,3,547.09,472.94,66.64,0.0,7.51,40,10,229.35,True
RDL-n50-06,50,15000,0.1,0.4,0.997,100,4,552.17,494.8,52.12,0.23,5.02,43,7,213.23,True
RDL-n50-06,50,15000,0.1,0.4,0.997,100,5,550.31,520.28,26.53,0.0,3.51,46,4,193.02,True
RDL-n50-06,50,15000,0.1,0.4,0.997,100,6,549.48,487.33,55.14,2.1,4.9,42,8,193.87,True
RDL-n50-06,50,15000,0.1,0.4,0.997,100,7,534.98,466.78,61.25,0.18,6.76,40,10,191.83,True
RDL-n50-06,50,15000,0.1,0.4,0.997,100,8,530.55,460.35,61.25,0.18,8.77,40,10,200.99,True
RDL-n50-06,50,15000,0.1,0.4,0.997,100,9,534.32,492.25,38.44,0.0,3.62,44,6,220.65,True
RDL-n50-07,50,15000,0.1,0.4,0.997,100,0,747.22,694.95,45.87,0.0,6.41,44,6,224.76,True
RDL-n50-07,50,15000,0.1,0.4,0.997,100,1,758.34,713.45,37.85,2.15,4.88,45,5,231.48,True
RDL-n50-07,50,15000,0.1,0.4,0.997,100,2,719.57,665.92,45.87,1.38,6.41,44,6,217.82,True
RDL-n50-07,50,15000,0.1,0.4,0.997,100,3,743.48,695.31,41.56,0.0,6.61,45,5,209.36,True
RDL-n50-07,50,15000,0.1,0.4,0.997,100,4,741.7,685.66,48.48,0.0,7.56,44,6,208.27,True
RDL-n50-07,50,15000,0.1,0.4,0.997,100,5,737.55,695.3,36.76,0.0,5.49,45,5,213.59,True
RDL-n50-07,50,15000,0.1,0.4,0.997,100,6,734.85,677.61,46.85,2.92,7.47,43,7,219.68,True
RDL-n50-07,50,15000,0.1,0.4,0.997,100,7,740.72,693.36,41.18,0.0,6.18,44,6,204.58,True
RDL-n50-07,50,15000,0.1,0.4,0.997,100,8,741.35,713.72,24.15,1.06,2.42,47,3,211.67,True
RDL-n50-07,50,15000,0.1,0.4,0.997,100,9,748.8,704.35,35.88,3.41,5.15,46,4,206.91,True
RDL-n50-08,50,15000,0.1,0.4,0.997,100,0,878.84,833.73,39.49,0.0,5.63,45,5,149.68,True
RDL-n50-08,50,15000,0.1,0.4,0.997,100,1,911.39,872.85,31.42,0.73,6.38,45,5,160.79,True
RDL-n50-08,50,15000,0.1,0.4,0.997,100,2,838.08,791.73,36.1,5.42,4.82,44,6,159.51,True
RDL-n50-08,50,15000,0.1,0.4,0.997,100,3,875.97,805.63,60.12,0.0,10.23,42,8,165.23,True
RDL-n50-08,50,15000,0.1,0.4,0.997,100,4,909.15,876.11,21.65,5.94,5.44,46,4,159.09,True
RDL-n50-08,50,15000,0.1,0.4,0.997,100,5,853.08,816.31,30.96,0.0,5.81,45,5,155.45,True
RDL-n50-08,50,15000,0.1,0.4,0.997,100,6,853.29,816.64,31.42,0.65,4.57,45,5,160.75,True
RDL-n50-08,50,15000,0.1,0.4,0.997,100,7,875.76,837.31,30.96,0.65,6.83,45,5,149.65,True
RDL-n50-08,50,15000,0.1,0.4,0.997,100,8,895.26,848.0,39.39,0.0,7.87,43,7,159.91,True
RDL-n50-08,50,15000,0.1,0.4,0.997,100,9,906.69,883.8,11.72,4.44,6.74,47,3,155.76,True
RDL-n75-01,75,20000,0.1,0.4,0.997,100,0,911.82,859.75,40.29,4.02,7.75,68,7,710.22,True
RDL-n75-01,75,20000,0.1,0.4,0.997,100,1,974.38,894.84,72.05,0.09,7.4,67,8,701.42,True
RDL-n75-01,75,20000,0.1,0.4,0.997,100,2,946.95,882.25,57.74,0.0,6.95,67,8,705.38,True
RDL-n75-01,75,20000,0.1,0.4,0.997,100,3,905.8,854.32,43.74,1.45,6.28,68,7,675.44,True
RDL-n75-01,75,20000,0.1,0.4,0.997,100,4,886.37,845.78,34.33,0.0,6.26,69,6,697.13,True
RDL-n75-01,75,20000,0.1,0.4,0.997,100,5,934.8,899.71,31.01,0.0,4.07,70,5,783.11,True
RDL-n75-01,75,20000,0.1,0.4,0.997,100,6,895.44,848.85,38.99,1.43,6.17,70,5,768.39,True
RDL-n75-01,75,20000,0.1,0.4,0.997,100,7,942.45,893.45,43.44,1.11,4.45,70,5,802.81,True
RDL-n75-01,75,20000,0.1,0.4,0.997,100,8,890.2,826.86,53.5,0.0,9.84,66,9,780.96,True
RDL-n75-01,75,20000,0.1,0.4,0.997,100,9,955.21,903.02,45.34,0.13,6.72,70,5,823.27,True
RDL-n75-02,75,20000,0.1,0.4,0.997,100,0,1117.07,1047.92,53.2,3.89,12.07,66,9,786.34,True
RDL-n75-02,75,20000,0.1,0.4,0.997,100,1,1096.66,1080.58,4.24,5.75,6.09,73,2,788.85,True
RDL-n75-02,75,20000,0.1,0.4,0.997,100,2,1094.33,1045.99,34.0,5.75,8.59,70,5,762.04,True
RDL-n75-02,75,20000,0.1,0.4,0.997,100,3,1116.71,1045.43,58.7,0.0,12.58,67,8,734.14,True
RDL-n75-02,75,20000,0.1,0.4,0.997,100,4,1116.14,1056.05,48.58,0.17,11.34,66,9,775.79,True
RDL-n75-02,75,20000,0.1,0.4,0.997,100,5,1077.13,1019.48,43.31,0.0,14.35,68,7,768.75,True
RDL-n75-02,75,20000,0.1,0.4,0.997,100,6,1110.07,1038.0,45.57,14.14,12.35,69,6,790.3,True
RDL-n75-02,75,20000,0.1,0.4,0.997,100,7,1109.85,1045.46,49.53,0.0,14.86,67,8,771.13,True
RDL-n75-02,75,20000,0.1,0.4,0.997,100,8,1056.93,1019.64,26.72,0.84,9.74,70,5,736.61,True
RDL-n75-02,75,20000,0.1,0.4,0.997,100,9,1117.38,1073.13,25.17,7.2,11.89,69,6,700.57,True
RDL-n75-03,75,20000,0.1,0.4,0.997,100,0,1333.0,1251.59,78.55,0.0,2.86,70,5,624.64,True
RDL-n75-03,75,20000,0.1,0.4,0.997,100,1,1436.4,1335.91,84.28,11.44,4.77,70,5,613.58,True
RDL-n75-03,75,20000,0.1,0.4,0.997,100,2,1355.64,1258.5,90.86,0.0,6.27,68,7,636.31,True
RDL-n75-03,75,20000,0.1,0.4,0.997,100,3,1416.08,1365.12,39.21,9.41,2.33,72,3,653.77,True
RDL-n75-03,75,20000,0.1,0.4,0.997,100,4,1380.28,1317.73,58.47,0.0,4.08,70,5,709.23,True
RDL-n75-03,75,20000,0.1,0.4,0.997,100,5,1422.08,1352.77,67.18,0.0,2.13,71,4,740.59,True
RDL-n75-03,75,20000,0.1,0.4,0.997,100,6,1409.4,1328.3,75.74,0.0,5.36,70,5,787.47,True
RDL-n75-03,75,20000,0.1,0.4,0.997,100,7,1412.21,1322.67,79.11,4.12,6.31,69,6,773.86,True
RDL-n75-03,75,20000,0.1,0.4,0.997,100,8,1338.68,1247.93,85.22,0.0,5.52,69,6,713.1,True
RDL-n75-03,75,20000,0.1,0.4,0.997,100,9,1380.08,1276.29,96.71,0.0,7.08,69,6,702.51,True
RDL-n75-04,75,20000,0.1,0.4,0.997,100,0,1261.64,1248.16,9.87,0.0,3.6,73,2,555.0,True
RDL-n75-04,75,20000,0.1,0.4,0.997,100,1,1300.51,1300.51,0.0,0.0,0.0,75,0,590.94,True
RDL-n75-04,75,20000,0.1,0.4,0.997,100,2,1279.98,1257.87,19.63,0.0,2.48,74,1,544.98,True
RDL-n75-04,75,20000,0.1,0.4,0.997,100,3,1315.92,1277.72,29.51,6.74,1.95,72,3,549.65,True
RDL-n75-04,75,20000,0.1,0.4,0.997,100,4,1323.12,1287.21,32.32,0.0,3.6,72,3,552.17,True
RDL-n75-04,75,20000,0.1,0.4,0.997,100,5,1280.97,1232.72,43.1,0.0,5.14,71,4,580.51,True
RDL-n75-04,75,20000,0.1,0.4,0.997,100,6,1262.09,1228.42,29.51,0.0,4.17,72,3,582.48,True
RDL-n75-04,75,20000,0.1,0.4,0.997,100,7,1307.09,1276.62,25.98,1.42,3.07,73,2,557.81,True
RDL-n75-04,75,20000,0.1,0.4,0.997,100,8,1319.91,1286.23,29.51,0.0,4.17,72,3,554.71,True
RDL-n75-04,75,20000,0.1,0.4,0.997,100,9,1330.87,1304.17,25.98,0.0,0.72,73,2,549.85,True
RDL-n75-05,75,20000,0.1,0.4,0.997,100,0,1432.54,1344.19,73.02,9.58,5.75,68,7,604.33,True
RDL-n75-05,75,20000,0.1,0.4,0.997,100,1,1426.53,1349.84,65.9,5.78,5.01,69,6,649.19,True
RDL-n75-05,75,20000,0.1,0.4,0.997,100,2,1415.41,1310.86,97.88,0.0,6.67,66,9,688.88,True
RDL-n75-05,75,20000,0.1,0.4,0.997,100,3,1403.22,1322.08,66.91,8.4,5.83,69,6,748.12,True
RDL-n75-05,75,20000,0.1,0.4,0.997,100,4,1422.52,1317.07,99.72,0.0,5.73,66,9,749.58,True
RDL-n75-05,75,20000,0.1,0.4,0.997,100,5,1433.89,1297.91,126.33,0.05,9.59,63,12,666.04,True
RDL-n75-05,75,20000,0.1,0.4,0.997,100,6,1394.81,1280.92,99.27,7.49,7.13,66,9,667.01,True
RDL-n75-05,75,20000,0.1,0.4,0.997,100,7,1380.33,1284.64,82.94,3.6,9.16,67,8,622.88,True
RDL-n75-05,75,20000,0.1,0.4,0.997,100,8,1424.68,1336.45,79.71,2.26,6.27,68,7,649.12,True
RDL-n75-05,75,20000,0.1,0.4,0.997,100,9,1408.0,1281.59,119.03,0.0,7.37,63,12,633.94,True
RDL-n75-06,75,20000,0.1,0.4,0.997,100,0,1459.64,1341.97,88.25,17.66,11.75,66,9,601.09,True
RDL-n75-06,75,20000,0.1,0.4,0.997,100,1,1519.59,1466.98,38.22,8.71,5.68,71,4,644.78,True
RDL-n75-06,75,20000,0.1,0.4,0.997,100,2,1414.98,1363.09,43.06,1.33,7.5,69,6,600.35,True
RDL-n75-06,75,20000,0.1,0.4,0.997,100,3,1466.25,1411.4,25.45,23.39,6.01,71,4,638.33,True
RDL-n75-06,75,20000,0.1,0.4,0.997,100,4,1486.81,1397.57,69.81,9.0,10.43,66,9,654.04,True
RDL-n75-06,75,20000,0.1,0.4,0.997,100,5,1435.78,1342.94,81.84,0.69,10.32,67,8,599.8,True
RDL-n75-06,75,20000,0.1,0.4,0.997,100,6,1463.44,1437.08,17.24,8.11,1.01,74,1,618.03,True
RDL-n75-06,75,20000,0.1,0.4,0.997,100,7,1494.36,1448.64,36.16,1.71,7.86,70,5,579.25,True
RDL-n75-06,75,20000,0.1,0.4,0.997,100,8,1496.04,1415.48,65.11,10.42,5.03,69,6,712.29,True
RDL-n75-06,75,20000,0.1,0.4,0.997,100,9,1453.5,1365.15,77.77,0.0,10.57,68,7,680.08,True
RDL-n75-07,75,20000,0.1,0.4,0.997,100,0,1632.13,1472.26,134.61,13.69,11.58,67,8,674.33,True
RDL-n75-07,75,20000,0.1,0.4,0.997,100,1,1567.32,1414.17,137.54,1.71,13.9,65,10,611.06,True
RDL-n75-07,75,20000,0.1,0.4,0.997,100,2,1656.09,1513.75,66.92,65.58,9.85,68,7,677.73,True
RDL-n75-07,75,20000,0.1,0.4,0.997,100,3,1614.42,1579.89,28.11,2.55,3.87,71,4,634.52,True
RDL-n75-07,75,20000,0.1,0.4,0.997,100,4,1602.02,1512.01,61.4,18.79,9.82,67,8,646.78,True
RDL-n75-07,75,20000,0.1,0.4,0.997,100,5,1621.35,1522.97,82.54,4.18,11.65,68,7,589.98,True
RDL-n75-07,75,20000,0.1,0.4,0.997,100,6,1579.3,1475.5,61.23,37.21,5.36,70,5,590.76,True
RDL-n75-07,75,20000,0.1,0.4,0.997,100,7,1556.94,1412.33,130.59,0.0,14.03,64,11,597.75,True
RDL-n75-07,75,20000,0.1,0.4,0.997,100,8,1572.77,1490.55,73.27,0.0,8.94,68,7,605.42,True
RDL-n75-07,75,20000,0.1,0.4,0.997,100,9,1609.63,1442.37,133.59,21.54,12.13,65,10,734.61,True
RDL-n75-08,75,20000,0.1,0.4,0.997,100,0,1542.37,1423.55,113.11,0.0,5.7,68,7,691.11,True
RDL-n75-08,75,20000,0.1,0.4,0.997,100,1,1551.33,1387.1,156.32,0.0,7.91,64,11,676.68,True
RDL-n75-08,75,20000,0.1,0.4,0.997,100,2,1529.84,1452.01,72.25,2.32,3.26,70,5,610.8,True
RDL-n75-08,75,20000,0.1,0.4,0.997,100,3,1547.52,1477.73,66.19,1.24,2.36,71,4,595.03,True
RDL-n75-08,75,20000,0.1,0.4,0.997,100,4,1519.89,1433.48,80.87,0.0,5.54,70,5,606.45,True
RDL-n75-08,75,20000,0.1,0.4,0.997,100,5,1558.49,1409.42,138.53,2.02,8.52,67,8,672.38,True
RDL-n75-08,75,20000,0.1,0.4,0.997,100,6,1529.25,1478.53,48.18,0.02,2.53,72,3,651.09,True
RDL-n75-08,75,20000,0.1,0.4,0.997,100,7,1569.84,1430.65,132.13,0.64,6.42,66,9,653.36,True
RDL-n75-08,75,20000,0.1,0.4,0.997,100,8,1575.27,1476.05,93.91,0.06,5.25,69,6,598.11,True
RDL-n75-08,75,20000,0.1,0.4,0.997,100,9,1616.71,1456.89,148.81,1.59,9.43,65,10,644.78,True
RDL-n100-01,100,30000,0.1,0.4,0.997,100,0,1648.82,1571.35,68.35,0.0,9.12,95,5,2528.17,True
RDL-n100-01,100,30000,0.1,0.4,0.997,100,1,1724.58,1662.62,54.3,0.0,7.67,95,5,2822.6,True
RDL-n100-01,100,30000,0.1,0.4,0.997,100,2,1633.68,1605.08,22.31,0.9,5.38,97,3,2542.07,True
RDL-n100-01,100,30000,0.1,0.4,0.997,100,3,1690.24,1632.36,52.27,0.0,5.61,96,4,2746.68,True
RDL-n100-01,100,30000,0.1,0.4,0.997,100,4,1684.62,1524.84,144.81,1.42,13.55,90,10,2521.84,True
RDL-n100-01,100,30000,0.1,0.4,0.997,100,5,1685.91,1644.48,35.96,0.0,5.47,97,3,2385.24,True
RDL-n100-01,100,30000,0.1,0.4,0.997,100,6,1675.47,1578.5,81.93,2.67,12.37,93,7,2546.43,True
RDL-n100-01,100,30000,0.1,0.4,0.997,100,7,1728.03,1621.86,82.32,14.65,9.2,93,7,2516.68,True
RDL-n100-01,100,30000,0.1,0.4,0.997,100,8,1692.77,1638.2,43.45,2.8,8.33,95,5,2657.51,True
RDL-n100-01,100,30000,0.1,0.4,0.997,100,9,1697.89,1634.01,52.27,6.0,5.61,96,4,2813.97,True
RDL-n100-02,100,30000,0.1,0.4,0.997,100,0,1700.47,1642.53,54.21,0.0,3.73,96,4,2780.78,True
RDL-n100-02,100,30000,0.1,0.4,0.997,100,1,1686.72,1625.79,45.14,11.08,4.71,96,4,2690.85,True
RDL-n100-02,100,30000,0.1,0.4,0.997,100,2,1743.72,1684.88,45.47,11.08,2.29,97,3,2686.15,True
RDL-n100-02,100,30000,0.1,0.4,0.997,100,3,1677.31,1575.92,82.64,11.72,7.03,95,5,2576.72,True
RDL-n100-02,100,30000,0.1,0.4,0.997,100,4,1758.09,1693.56,50.08,11.58,2.86,97,3,2594.87,True
RDL-n100-02,100,30000,0.1,0.4,0.997,100,5,1689.57,1645.99,30.86,11.08,1.64,98,2,2543.5,True
RDL-n100-02,100,30000,0.1,0.4,0.997,100,6,1771.29,1709.76,54.37,3.32,3.83,96,4,2353.38,True
RDL-n100-02,100,30000,0.1,0.4,0.997,100,7,1794.15,1706.02,72.67,11.08,4.38,94,6,2465.81,True
RDL-n100-02,100,30000,0.1,0.4,0.997,100,8,1774.37,1665.32,97.82,5.3,5.93,94,6,2261.68,True
RDL-n100-02,100,30000,0.1,0.4,0.997,100,9,1733.25,1661.52,47.26,20.57,3.91,95,5,2529.19,True
RDL-n100-03,100,30000,0.1,0.4,0.997,100,0,2100.77,1903.83,172.05,10.96,13.93,86,14,2414.64,True
RDL-n100-03,100,30000,0.1,0.4,0.997,100,1,2106.41,1937.83,127.04,28.57,12.97,90,10,2268.68,True
RDL-n100-03,100,30000,0.1,0.4,0.997,100,2,2070.08,1900.4,153.47,2.49,13.73,88,12,2363.68,True
RDL-n100-03,100,30000,0.1,0.4,0.997,100,3,2104.37,1951.39,142.34,0.0,10.64,90,10,2339.41,True
RDL-n100-03,100,30000,0.1,0.4,0.997,100,4,2084.04,1899.91,152.53,19.41,12.2,87,13,2411.57,True
RDL-n100-03,100,30000,0.1,0.4,0.997,100,5,2062.96,1892.38,133.7,21.35,15.52,89,11,2474.28,True
RDL-n100-03,100,30000,0.1,0.4,0.997,100,6,2207.0,1933.1,249.46,7.27,17.16,82,18,2415.1,True
RDL-n100-03,100,30000,0.1,0.4,0.997,100,7,2004.29,1931.34,66.53,0.0,6.43,95,5,2409.25,True
RDL-n100-03,100,30000,0.1,0.4,0.997,100,8,2037.42,1872.43,151.26,0.04,13.69,89,11,2321.49,True
RDL-n100-03,100,30000,0.1,0.4,0.997,100,9,2138.84,1969.07,122.83,35.53,11.4,89,11,2336.62,True
RDL-n100-04,100,30000,0.1,0.4,0.997,100,0,1977.74,1910.22,59.94,2.57,5.0,95,5,2371.7,True
RDL-n100-04,100,30000,0.1,0.4,0.997,100,1,2093.47,1959.37,90.35,36.05,7.69,93,7,2475.72,True
RDL-n100-04,100,30000,0.1,0.4,0.997,100,2,2060.22,1935.7,105.53,13.11,5.88,93,7,2526.16,True
RDL-n100-04,100,30000,0.1,0.4,0.997,100,3,2095.94,1976.12,87.47,25.72,6.62,93,7,2603.48,True
RDL-n100-04,100,30000,0.1,0.4,0.997,100,4,2130.25,1981.03,104.54,36.81,7.87,92,8,2302.96,True
RDL-n100-04,100,30000,0.1,0.4,0.997,100,5,2033.72,1901.4,102.95,22.8,6.56,93,7,2377.83,True
RDL-n100-04,100,30000,0.1,0.4,0.997,100,6,2080.97,1961.95,99.25,12.96,6.8,92,8,2393.14,True
RDL-n100-04,100,30000,0.1,0.4,0.997,100,7,2087.2,1917.15,145.52,16.04,8.48,88,12,2295.54,True
RDL-n100-04,100,30000,0.1,0.4,0.997,100,8,2091.04,1943.17,129.39,9.32,9.16,91,9,2119.98,True
RDL-n100-04,100,30000,0.1,0.4,0.997,100,9,2103.43,1997.72,98.72,0.0,6.99,92,8,2162.54,True
RDL-n100-05,100,30000,0.1,0.4,0.997,100,0,1998.98,1947.58,38.53,8.93,3.93,97,3,1835.72,True
RDL-n100-05,100,30000,0.1,0.4,0.997,100,1,2133.59,1972.92,127.21,20.92,12.54,89,11,1673.04,True
RDL-n100-05,100,30000,0.1,0.4,0.997,100,2,1993.45,1941.38,24.89,24.4,2.78,97,3,2135.14,True
RDL-n100-05,100,30000,0.1,0.4,0.997,100,3,2071.25,1946.94,67.41,49.27,7.64,94,6,2163.31,True
RDL-n100-05,100,30000,0.1,0.4,0.997,100,4,2114.43,1977.47,122.62,4.21,10.13,90,10,1834.13,True
RDL-n100-05,100,30000,0.1,0.4,0.997,100,5,2027.59,1987.25,22.15,14.98,3.22,98,2,1690.68,True
RDL-n100-05,100,30000,0.1,0.4,0.997,100,6,2073.97,1989.6,71.08,2.05,11.25,94,6,1798.41,True
RDL-n100-05,100,30000,0.1,0.4,0.997,100,7,2049.59,1905.73,80.58,55.62,7.67,93,7,1995.98,True
RDL-n100-05,100,30000,0.1,0.4,0.997,100,8,2008.53,1929.73,68.77,5.34,4.69,93,7,2067.68,True
RDL-n100-05,100,30000,0.1,0.4,0.997,100,9,2128.6,2012.02,69.88,40.65,6.05,94,6,2237.44,True
RDL-n100-06,100,30000,0.1,0.4,0.997,100,0,1680.54,1625.65,46.1,3.45,5.34,96,4,2355.21,True
RDL-n100-06,100,30000,0.1,0.4,0.997,100,1,1615.63,1579.74,30.97,0.0,4.92,97,3,2212.36,True
RDL-n100-06,100,30000,0.1,0.4,0.997,100,2,1647.72,1628.73,16.8,0.0,2.19,99,1,2292.4,True
RDL-n100-06,100,30000,0.1,0.4,0.997,100,3,1665.69,1596.54,55.95,7.84,5.35,95,5,2251.72,True
RDL-n100-06,100,30000,0.1,0.4,0.997,100,4,1680.03,1665.92,7.38,6.12,0.61,98,2,2144.37,True
RDL-n100-06,100,30000,0.1,0.4,0.997,100,5,1610.86,1546.89,58.03,0.0,5.94,95,5,2146.49,True
RDL-n100-06,100,30000,0.1,0.4,0.997,100,6,1727.27,1656.21,48.88,19.77,2.4,95,5,2363.31,True
RDL-n100-06,100,30000,0.1,0.4,0.997,100,7,1580.91,1554.5,23.27,0.0,3.14,97,3,2299.99,True
RDL-n100-06,100,30000,0.1,0.4,0.997,100,8,1573.43,1549.55,20.74,0.19,2.95,98,2,2145.59,True
RDL-n100-06,100,30000,0.1,0.4,0.997,100,9,1691.03,1637.01,43.67,5.08,5.27,96,4,2344.15,True
RDL-n100-07,100,30000,0.1,0.4,0.997,100,0,1680.27,1600.35,69.37,4.68,5.88,94,6,2186.35,True
RDL-n100-07,100,30000,0.1,0.4,0.997,100,1,1677.76,1588.6,81.38,0.0,7.78,94,6,2290.93,True
RDL-n100-07,100,30000,0.1,0.4,0.997,100,2,1758.03,1657.23,92.3,0.0,8.5,93,7,2229.38,True
RDL-n100-07,100,30000,0.1,0.4,0.997,100,3,1687.75,1629.37,53.47,0.68,4.23,96,4,2312.03,True
RDL-n100-07,100,30000,0.1,0.4,0.997,100,4,1643.97,1563.27,60.53,15.09,5.08,95,5,2208.34,True
RDL-n100-07,100,30000,0.1,0.4,0.997,100,5,1757.56,1681.07,69.78,1.71,5.0,95,5,2225.14,True
RDL-n100-07,100,30000,0.1,0.4,0.997,100,6,1745.75,1668.45,58.07,15.6,3.63,96,4,2213.89,True
RDL-n100-07,100,30000,0.1,0.4,0.997,100,7,1700.39,1624.37,71.12,0.0,4.9,95,5,2204.22,True
RDL-n100-07,100,30000,0.1,0.4,0.997,100,8,1591.38,1532.45,53.47,0.3,5.15,96,4,2094.51,True
RDL-n100-07,100,30000,0.1,0.4,0.997,100,9,1749.5,1656.97,79.47,8.34,4.71,95,5,2346.68,True
RDL-n100-08,100,30000,0.1,0.4,0.997,100,0,1444.83,1394.58,37.47,1.37,11.42,93,7,2037.14,True
RDL-n100-08,100,30000,0.1,0.4,0.997,100,1,1522.32,1487.29,28.03,0.0,7.01,95,5,1919.35,True
RDL-n100-08,100,30000,0.1,0.4,0.997,100,2,1525.37,1447.48,65.54,0.0,12.35,90,10,2010.64,True
RDL-n100-08,100,30000,0.1,0.4,0.997,100,3,1464.53,1428.41,21.5,9.46,5.17,95,5,1963.01,True
RDL-n100-08,100,30000,0.1,0.4,0.997,100,4,1464.17,1428.59,28.2,3.95,3.44,97,3,2072.83,True
RDL-n100-08,100,30000,0.1,0.4,0.997,100,5,1495.86,1463.38,19.0,7.44,6.04,94,6,2167.34,True
RDL-n100-08,100,30000,0.1,0.4,0.997,100,6,1499.53,1399.82,71.65,13.38,14.69,89,11,2221.78,True
RDL-n100-08,100,30000,0.1,0.4,0.997,100,7,1520.1,1479.57,34.94,0.0,5.59,95,5,2272.7,True
RDL-n100-08,100,30000,0.1,0.4,0.997,100,8,1481.14,1423.3,52.35,0.0,5.49,95,5,2149.02,True
RDL-n100-08,100,30000,0.1,0.4,0.997,100,9,1501.95,1455.69,36.83,0.0,9.43,94,6,2369.84,True
