Instance,n,TimeLimit,SearchProfile,RootCutViolationThreshold,BCRootCutFamilies,BaseMIP_UB,BaseMIP_LB,BaseMIP_Gap,BaseMIP_RootLP,BaseMIP_RootGap,BaseMIP_RootLPTime,BaseMIP_Time,BaseMIP_Nodes,BaseMIP_Status,BC_UB,BC_LB,BC_Gap,BC_RootLP,BC_RootGap,BC_RootLPTime,BC_Time,BC_Nodes,BC_RootCuts,BC_RoundedCapacityCuts,BC_ModeRoundedCoverCuts,BC_Status,BCALNS_WarmStart_Used,BCALNS_WarmStart_Seed,BCALNS_WarmStart_Iterations,BCALNS_WarmStart_XiMin,BCALNS_WarmStart_XiMax,BCALNS_WarmStart_Eta,BCALNS_WarmStart_Psi,BCALNS_WarmStart_Objective,BCALNS_WarmStart_GenerationTime,BCALNS_UB,BCALNS_LB,BCALNS_Gap,BCALNS_RootLP,BCALNS_RootGap,BCALNS_RootLPTime,BCALNS_Time,BCALNS_Nodes,BCALNS_RootCuts,BCALNS_RoundedCapacityCuts,BCALNS_ModeRoundedCoverCuts,BCALNS_Status
RDL-n5-01,5,7200.0,balanced,0.1,rounded_capacity+mode_rounded_cover,104.14,104.14,0.0,88.45,15.07,0.01,0.51,2110,integer optimal solution,104.14,104.14,0.0,95.9,7.91,0.2,2.48,2010,29,27,2,integer optimal solution,True,2026,500,0.1,0.4,0.997,100,104.14,0.14,104.14,104.14,0.0,95.9,7.91,0.17,1.56,579,29,27,2,integer optimal solution
RDL-n5-02,5,7200.0,balanced,0.1,rounded_capacity+mode_rounded_cover,186.46,186.46,0.0,116.22,37.67,0.01,2.58,6556,integer optimal solution,186.46,186.46,0.0,155.15,16.79,0.13,4.03,4864,29,24,5,integer optimal solution,True,2026,500,0.1,0.4,0.997,100,186.46,0.13,186.46,186.46,0.0,155.15,16.79,0.13,3.17,5536,29,24,5,integer optimal solution
RDL-n5-03,5,7200.0,balanced,0.1,rounded_capacity+mode_rounded_cover,155.48,155.48,0.0,98.33,36.76,0.01,2.49,5759,integer optimal solution,155.48,155.48,0.0,138.98,10.62,0.35,6.8,5079,80,58,22,integer optimal solution,True,2026,500,0.1,0.4,0.997,100,165.67,0.14,155.48,155.48,0.0,138.98,10.62,0.36,6.17,5602,80,58,22,integer optimal solution
RDL-n5-04,5,7200.0,balanced,0.1,rounded_capacity+mode_rounded_cover,165.55,165.55,0.0,89.56,45.9,0.01,2.58,6006,integer optimal solution,165.55,165.55,0.0,141.73,14.39,0.15,3.63,5354,45,41,4,integer optimal solution,True,2026,500,0.1,0.4,0.997,100,165.55,0.13,165.55,165.55,0.0,141.73,14.39,0.15,3.3,4842,45,41,4,integer optimal solution
RDL-n5-05,5,7200.0,balanced,0.1,rounded_capacity+mode_rounded_cover,146.77,146.77,0.0,63.96,56.42,0.01,0.84,3785,"integer optimal, tolerance",146.77,146.77,0.0,123.85,15.62,0.25,2.77,4459,48,43,5,integer optimal solution,True,2026,500,0.1,0.4,0.997,100,146.77,0.15,146.77,146.77,0.0,123.85,15.62,0.26,2.43,1829,48,43,5,integer optimal solution
RDL-n5-06,5,7200.0,balanced,0.1,rounded_capacity+mode_rounded_cover,143.34,143.34,0.0,65.89,54.03,0.01,2.31,6020,integer optimal solution,143.34,143.34,0.0,129.33,9.78,0.63,8.87,11956,89,82,7,integer optimal solution,True,2026,500,0.1,0.4,0.997,100,144.98,0.13,143.34,143.34,0.0,129.33,9.78,0.43,8.32,11977,89,82,7,integer optimal solution
RDL-n5-07,5,7200.0,balanced,0.1,rounded_capacity+mode_rounded_cover,183.14,183.14,0.0,141.6,22.68,0.01,0.71,2462,integer optimal solution,183.14,183.14,0.0,168.46,8.02,0.13,1.89,4385,37,29,8,integer optimal solution,True,2026,500,0.1,0.4,0.997,100,183.14,0.14,183.14,183.14,0.0,168.46,8.02,0.13,1.52,616,37,29,8,integer optimal solution
RDL-n5-08,5,7200.0,balanced,0.1,rounded_capacity+mode_rounded_cover,145.98,145.98,0.0,79.33,45.66,0.01,0.82,4459,integer optimal solution,145.98,145.98,0.0,138.13,5.38,0.37,3.92,5222,77,72,5,integer optimal solution,True,2026,500,0.1,0.4,0.997,100,145.98,0.14,145.98,145.98,0.0,138.13,5.38,0.38,3.72,3786,77,72,5,"integer optimal, tolerance"
RDL-n8-01,8,7200.0,balanced,0.1,rounded_capacity+mode_rounded_cover,171.29,171.28,0.0,54.47,68.2,0.02,7171.88,6506532,"integer optimal, tolerance",171.29,171.28,0.0,132.35,22.73,0.71,4983.73,4140317,134,97,37,"integer optimal, tolerance",True,2026,500,0.1,0.4,0.997,100,171.29,0.17,171.29,171.28,0.0,132.35,22.73,0.72,3748.67,3035787,134,97,37,"integer optimal, tolerance"
RDL-n8-02,8,7200.0,balanced,0.1,rounded_capacity+mode_rounded_cover,138.74,131.26,5.39,48.68,64.91,0.02,7200.03,6940428,time limit exceeded,138.74,129.66,6.55,95.24,31.36,0.82,7200.05,5546334,133,85,48,time limit exceeded,True,2026,500,0.1,0.4,0.997,100,143.1,0.16,138.74,138.73,0.0,95.24,31.36,0.85,3682.05,3188525,133,85,48,"integer optimal, tolerance"
RDL-n8-03,8,7200.0,balanced,0.1,rounded_capacity+mode_rounded_cover,277.64,256.12,7.75,64.67,76.71,0.02,7200.03,6187023,time limit exceeded,277.64,261.77,5.72,208.29,24.98,0.89,7200.04,6366553,137,109,28,time limit exceeded,True,2026,500,0.1,0.4,0.997,100,283.35,0.16,277.64,277.62,0.0,208.29,24.98,0.87,5465.87,4367896,137,109,28,"integer optimal, tolerance"
RDL-n8-04,8,7200.0,balanced,0.1,rounded_capacity+mode_rounded_cover,173.43,173.42,0.0,41.9,75.84,0.02,891.09,1027618,"integer optimal, tolerance",173.43,173.42,0.0,142.16,18.03,0.72,1575.78,1419972,152,114,38,"integer optimal, tolerance",True,2026,500,0.1,0.4,0.997,100,173.43,0.14,173.43,173.42,0.0,142.16,18.03,0.77,588.85,435549,152,114,38,"integer optimal, tolerance"
RDL-n8-05,8,7200.0,balanced,0.1,rounded_capacity+mode_rounded_cover,160.93,160.92,0.0,46.72,70.97,0.02,583.48,796321,"integer optimal, tolerance",160.93,160.92,0.0,136.43,15.22,0.68,604.36,665858,107,84,23,"integer optimal, tolerance",True,2026,500,0.1,0.4,0.997,100,172.34,0.16,160.93,160.92,0.0,136.43,15.22,0.67,704.62,677126,107,84,23,"integer optimal, tolerance"
RDL-n8-06,8,7200.0,balanced,0.1,rounded_capacity+mode_rounded_cover,160.57,160.56,0.0,58.9,63.32,0.02,373.64,486243,"integer optimal, tolerance",160.57,160.56,0.0,132.52,17.47,1.48,178.48,219786,208,146,62,"integer optimal, tolerance",True,2026,500,0.1,0.4,0.997,100,160.57,0.16,160.57,160.56,0.0,132.52,17.47,1.48,127.97,133917,208,146,62,"integer optimal, tolerance"
RDL-n8-07,8,7200.0,balanced,0.1,rounded_capacity+mode_rounded_cover,245.8,245.79,0.0,48.94,80.09,0.02,315.97,480436,"integer optimal, tolerance",245.8,245.8,0.0,213.16,13.28,0.79,156.81,150492,144,116,28,"integer optimal, tolerance",True,2026,500,0.1,0.4,0.997,100,245.8,0.16,245.8,245.79,0.0,213.16,13.28,0.78,93.44,89870,144,116,28,"integer optimal, tolerance"
RDL-n8-08,8,7200.0,balanced,0.1,rounded_capacity+mode_rounded_cover,246.7,194.37,21.21,42.99,82.57,0.02,7200.48,6192270,time limit exceeded,246.7,194.02,21.35,165.13,33.06,0.58,7200.66,5354458,106,96,10,time limit exceeded,True,2026,500,0.1,0.4,0.997,100,247.46,0.15,246.7,207.45,15.91,165.13,33.06,0.56,7200.02,5351292,106,96,10,time limit exceeded
RDL-n10-01,10,7200.0,balanced,0.1,rounded_capacity+mode_rounded_cover,351.27,172.4,50.92,63.68,81.87,0.03,7200.91,9653828,time limit exceeded,414.65,195.78,52.78,183.21,55.81,1.17,7200.55,5255143,186,126,60,time limit exceeded,True,2026,500,0.1,0.4,0.997,100,351.27,0.17,351.27,199.88,43.1,183.21,47.84,1.23,7202.48,3554598,186,126,60,time limit exceeded
RDL-n10-02,10,7200.0,balanced,0.1,rounded_capacity+mode_rounded_cover,402.99,200.37,50.28,54.65,86.44,0.05,7201.46,6395605,time limit exceeded,457.35,214.84,53.03,200.55,56.15,3.32,7200.99,2583374,276,183,93,time limit exceeded,True,2026,500,0.1,0.4,0.997,100,438.21,0.19,438.21,218.44,50.15,200.55,54.23,3.34,7202.9,3391442,276,183,93,time limit exceeded
RDL-n10-03,10,7200.0,balanced,0.1,rounded_capacity+mode_rounded_cover,154.2,127.78,17.14,48.88,68.3,0.05,7200.96,4306348,time limit exceeded,157.45,128.59,18.33,120.59,23.41,2.18,7201.75,3402730,219,141,78,time limit exceeded,True,2026,500,0.1,0.4,0.997,100,161.85,0.2,161.85,128.62,20.53,120.59,25.49,2.21,7201.38,1319221,219,141,78,time limit exceeded
RDL-n10-04,10,7200.0,balanced,0.1,rounded_capacity+mode_rounded_cover,220.43,158.85,27.94,40.95,81.42,0.05,7201.77,6367919,time limit exceeded,259.91,164.94,36.54,151.78,41.6,1.39,7201.03,5163860,182,126,56,time limit exceeded,True,2026,500,0.1,0.4,0.997,100,261.53,0.18,220.43,169.73,23.0,151.78,31.14,1.37,7200.77,3853742,182,126,56,time limit exceeded
RDL-n10-05,10,7200.0,balanced,0.1,rounded_capacity+mode_rounded_cover,295.48,236.73,19.89,51.25,82.66,0.04,7200.72,6805444,time limit exceeded,295.48,242.95,17.78,217.5,26.39,1.31,7201.09,3801720,176,132,44,time limit exceeded,True,2026,500,0.1,0.4,0.997,100,285.66,0.18,285.66,267.18,6.47,217.5,23.86,1.32,7200.05,4209654,176,132,44,time limit exceeded
RDL-n10-06,10,7200.0,balanced,0.1,rounded_capacity+mode_rounded_cover,295.05,209.23,29.09,64.34,78.19,0.04,7203.15,5345693,time limit exceeded,266.76,221.52,16.96,196.92,26.18,1.97,7200.7,4697912,237,149,88,time limit exceeded,True,2026,500,0.1,0.4,0.997,100,266.76,0.18,266.76,227.6,14.68,196.92,26.18,1.95,7202.39,1249093,237,149,88,time limit exceeded
RDL-n10-07,10,7200.0,balanced,0.1,rounded_capacity+mode_rounded_cover,238.7,178.58,25.19,62.93,73.64,0.07,7201.49,5140955,time limit exceeded,256.5,177.27,30.89,166.38,35.13,3.0,7202.7,1336273,224,153,71,time limit exceeded,True,2026,500,0.1,0.4,0.997,100,238.9,0.19,238.9,189.1,20.85,166.38,30.35,3.11,7200.8,3260416,224,153,71,time limit exceeded
RDL-n10-08,10,7200.0,balanced,0.1,rounded_capacity+mode_rounded_cover,490.05,202.35,58.71,52.63,89.26,0.08,7200.85,5220528,time limit exceeded,401.3,212.07,47.15,201.43,49.81,2.34,7201.57,5263639,203,138,65,time limit exceeded,True,2026,500,0.1,0.4,0.997,100,375.17,0.19,375.17,216.77,42.22,201.43,46.31,2.39,7200.77,3541138,203,138,65,time limit exceeded
