Setting,Instance,n,Iterations,Run,XiMin,XiMax,Eta,Psi,Penalty,RestartFraction,Cost,RiderCost,DroneCost,DelayCost,WalkCost,Direct,Drone,Restarts,Time,Feasible
Baseline,RDL-tune-n25-01,25,10000,0,0.1,0.4,0.997,100,10000.0,0.05,443.931956,442.73,0.0,1.2,0.0,25,0,16,15.687445,True
Baseline,RDL-tune-n25-01,25,10000,1,0.1,0.4,0.997,100,10000.0,0.05,432.831138,432.83,0.0,0.0,0.0,25,0,18,15.301408,True
Baseline,RDL-tune-n25-01,25,10000,2,0.1,0.4,0.997,100,10000.0,0.05,436.865261,423.1,9.94,2.0,1.82,24,1,18,15.020329,True
Baseline,RDL-tune-n25-02,25,10000,0,0.1,0.4,0.997,100,10000.0,0.05,491.994279,407.34,80.49,0.0,4.16,19,6,17,19.060614,True
Baseline,RDL-tune-n25-02,25,10000,1,0.1,0.4,0.997,100,10000.0,0.05,492.008001,407.72,80.49,0.0,3.8,19,6,18,19.558634,True
Baseline,RDL-tune-n25-02,25,10000,2,0.1,0.4,0.997,100,10000.0,0.05,489.92447,405.63,80.49,0.0,3.8,19,6,16,19.537281,True
Baseline,RDL-tune-n25-03,25,10000,0,0.1,0.4,0.997,100,10000.0,0.05,459.534917,404.07,50.03,0.64,4.79,21,4,17,20.909687,True
Baseline,RDL-tune-n25-03,25,10000,1,0.1,0.4,0.997,100,10000.0,0.05,452.100942,372.97,70.76,0.64,7.73,19,6,18,21.909601,True
Baseline,RDL-tune-n25-03,25,10000,2,0.1,0.4,0.997,100,10000.0,0.05,459.576408,404.12,50.03,0.64,4.79,21,4,17,22.936441,True
Baseline,RDL-tune-n25-04,25,10000,0,0.1,0.4,0.997,100,10000.0,0.05,503.760649,503.76,0.0,0.0,0.0,25,0,17,17.848133,True
Baseline,RDL-tune-n25-04,25,10000,1,0.1,0.4,0.997,100,10000.0,0.05,505.533085,505.53,0.0,0.0,0.0,25,0,17,17.932902,True
Baseline,RDL-tune-n25-04,25,10000,2,0.1,0.4,0.997,100,10000.0,0.05,502.217032,493.64,7.54,0.0,1.04,24,1,14,18.404712,True
Baseline,RDL-tune-n25-05,25,10000,0,0.1,0.4,0.997,100,10000.0,0.05,541.669999,489.39,49.95,0.0,2.33,21,4,19,22.552173,True
Baseline,RDL-tune-n25-05,25,10000,1,0.1,0.4,0.997,100,10000.0,0.05,538.895416,484.99,49.95,1.63,2.33,21,4,16,23.436049,True
Baseline,RDL-tune-n25-05,25,10000,2,0.1,0.4,0.997,100,10000.0,0.05,544.829912,500.23,41.81,0.0,2.79,22,3,18,23.958586,True
Baseline,RDL-tune-n25-06,25,10000,0,0.1,0.4,0.997,100,10000.0,0.05,509.832284,509.83,0.0,0.0,0.0,25,0,17,21.848732,True
Baseline,RDL-tune-n25-06,25,10000,1,0.1,0.4,0.997,100,10000.0,0.05,504.696572,503.86,0.0,0.84,0.0,25,0,15,20.642169,True
Baseline,RDL-tune-n25-06,25,10000,2,0.1,0.4,0.997,100,10000.0,0.05,508.588131,508.59,0.0,0.0,0.0,25,0,15,20.881816,True
Baseline,RDL-tune-n25-07,25,10000,0,0.1,0.4,0.997,100,10000.0,0.05,593.759533,574.36,11.65,6.11,1.64,24,1,16,16.35398,True
Baseline,RDL-tune-n25-07,25,10000,1,0.1,0.4,0.997,100,10000.0,0.05,593.759533,574.36,11.65,6.11,1.64,24,1,15,16.139721,True
Baseline,RDL-tune-n25-07,25,10000,2,0.1,0.4,0.997,100,10000.0,0.05,599.331996,579.93,11.65,6.11,1.64,24,1,17,16.715251,True
Baseline,RDL-tune-n25-08,25,10000,0,0.1,0.4,0.997,100,10000.0,0.05,503.959326,421.4,70.06,3.5,9.0,18,7,18,24.375775,True
Baseline,RDL-tune-n25-08,25,10000,1,0.1,0.4,0.997,100,10000.0,0.05,511.783592,449.51,50.92,3.5,7.85,20,5,16,24.109599,True
Baseline,RDL-tune-n25-08,25,10000,2,0.1,0.4,0.997,100,10000.0,0.05,512.655305,451.79,50.92,2.47,7.47,20,5,15,23.430554,True
Penalty-1e3,RDL-tune-n25-01,25,10000,0,0.1,0.4,0.997,100,1000.0,0.05,443.931956,442.73,0.0,1.2,0.0,25,0,16,20.192793,True
Penalty-1e3,RDL-tune-n25-01,25,10000,1,0.1,0.4,0.997,100,1000.0,0.05,432.831138,432.83,0.0,0.0,0.0,25,0,18,19.048677,True
Penalty-1e3,RDL-tune-n25-01,25,10000,2,0.1,0.4,0.997,100,1000.0,0.05,436.865261,423.1,9.94,2.0,1.82,24,1,18,18.288389,True
Penalty-1e3,RDL-tune-n25-02,25,10000,0,0.1,0.4,0.997,100,1000.0,0.05,491.994279,407.34,80.49,0.0,4.16,19,6,17,23.307464,True
Penalty-1e3,RDL-tune-n25-02,25,10000,1,0.1,0.4,0.997,100,1000.0,0.05,492.008001,407.72,80.49,0.0,3.8,19,6,18,24.438006,True
Penalty-1e3,RDL-tune-n25-02,25,10000,2,0.1,0.4,0.997,100,1000.0,0.05,489.92447,405.63,80.49,0.0,3.8,19,6,16,26.422854,True
Penalty-1e3,RDL-tune-n25-03,25,10000,0,0.1,0.4,0.997,100,1000.0,0.05,459.534917,404.07,50.03,0.64,4.79,21,4,17,26.113376,True
Penalty-1e3,RDL-tune-n25-03,25,10000,1,0.1,0.4,0.997,100,1000.0,0.05,452.100942,372.97,70.76,0.64,7.73,19,6,18,25.725723,True
Penalty-1e3,RDL-tune-n25-03,25,10000,2,0.1,0.4,0.997,100,1000.0,0.05,459.576408,404.12,50.03,0.64,4.79,21,4,17,25.74662,True
Penalty-1e3,RDL-tune-n25-04,25,10000,0,0.1,0.4,0.997,100,1000.0,0.05,503.760649,503.76,0.0,0.0,0.0,25,0,17,19.36478,True
Penalty-1e3,RDL-tune-n25-04,25,10000,1,0.1,0.4,0.997,100,1000.0,0.05,505.533085,505.53,0.0,0.0,0.0,25,0,17,18.752602,True
Penalty-1e3,RDL-tune-n25-04,25,10000,2,0.1,0.4,0.997,100,1000.0,0.05,502.217032,493.64,7.54,0.0,1.04,24,1,14,18.484717,True
Penalty-1e3,RDL-tune-n25-05,25,10000,0,0.1,0.4,0.997,100,1000.0,0.05,541.669999,489.39,49.95,0.0,2.33,21,4,19,22.359924,True
Penalty-1e3,RDL-tune-n25-05,25,10000,1,0.1,0.4,0.997,100,1000.0,0.05,538.895416,484.99,49.95,1.63,2.33,21,4,16,22.629543,True
Penalty-1e3,RDL-tune-n25-05,25,10000,2,0.1,0.4,0.997,100,1000.0,0.05,544.829912,500.23,41.81,0.0,2.79,22,3,18,22.557501,True
Penalty-1e3,RDL-tune-n25-06,25,10000,0,0.1,0.4,0.997,100,1000.0,0.05,509.832284,509.83,0.0,0.0,0.0,25,0,17,19.773015,True
Penalty-1e3,RDL-tune-n25-06,25,10000,1,0.1,0.4,0.997,100,1000.0,0.05,504.696572,503.86,0.0,0.84,0.0,25,0,15,20.78107,True
Penalty-1e3,RDL-tune-n25-06,25,10000,2,0.1,0.4,0.997,100,1000.0,0.05,508.588131,508.59,0.0,0.0,0.0,25,0,15,21.912868,True
Penalty-1e3,RDL-tune-n25-07,25,10000,0,0.1,0.4,0.997,100,1000.0,0.05,593.759533,574.36,11.65,6.11,1.64,24,1,16,17.179453,True
Penalty-1e3,RDL-tune-n25-07,25,10000,1,0.1,0.4,0.997,100,1000.0,0.05,593.759533,574.36,11.65,6.11,1.64,24,1,15,17.69745,True
Penalty-1e3,RDL-tune-n25-07,25,10000,2,0.1,0.4,0.997,100,1000.0,0.05,599.331996,579.93,11.65,6.11,1.64,24,1,17,17.917243,True
Penalty-1e3,RDL-tune-n25-08,25,10000,0,0.1,0.4,0.997,100,1000.0,0.05,503.959326,421.4,70.06,3.5,9.0,18,7,18,25.553436,True
Penalty-1e3,RDL-tune-n25-08,25,10000,1,0.1,0.4,0.997,100,1000.0,0.05,511.783592,449.51,50.92,3.5,7.85,20,5,16,25.386778,True
Penalty-1e3,RDL-tune-n25-08,25,10000,2,0.1,0.4,0.997,100,1000.0,0.05,512.655305,451.79,50.92,2.47,7.47,20,5,15,25.822206,True
Penalty-1e5,RDL-tune-n25-01,25,10000,0,0.1,0.4,0.997,100,100000.0,0.05,443.931956,442.73,0.0,1.2,0.0,25,0,16,19.974583,True
Penalty-1e5,RDL-tune-n25-01,25,10000,1,0.1,0.4,0.997,100,100000.0,0.05,432.831138,432.83,0.0,0.0,0.0,25,0,18,19.193437,True
Penalty-1e5,RDL-tune-n25-01,25,10000,2,0.1,0.4,0.997,100,100000.0,0.05,436.865261,423.1,9.94,2.0,1.82,24,1,18,18.942952,True
Penalty-1e5,RDL-tune-n25-02,25,10000,0,0.1,0.4,0.997,100,100000.0,0.05,491.994279,407.34,80.49,0.0,4.16,19,6,17,24.958996,True
Penalty-1e5,RDL-tune-n25-02,25,10000,1,0.1,0.4,0.997,100,100000.0,0.05,492.008001,407.72,80.49,0.0,3.8,19,6,18,25.105947,True
Penalty-1e5,RDL-tune-n25-02,25,10000,2,0.1,0.4,0.997,100,100000.0,0.05,489.92447,405.63,80.49,0.0,3.8,19,6,16,26.675921,True
Penalty-1e5,RDL-tune-n25-03,25,10000,0,0.1,0.4,0.997,100,100000.0,0.05,459.534917,404.07,50.03,0.64,4.79,21,4,17,27.437583,True
Penalty-1e5,RDL-tune-n25-03,25,10000,1,0.1,0.4,0.997,100,100000.0,0.05,452.100942,372.97,70.76,0.64,7.73,19,6,18,28.790437,True
Penalty-1e5,RDL-tune-n25-03,25,10000,2,0.1,0.4,0.997,100,100000.0,0.05,459.576408,404.12,50.03,0.64,4.79,21,4,17,26.233926,True
Penalty-1e5,RDL-tune-n25-04,25,10000,0,0.1,0.4,0.997,100,100000.0,0.05,503.760649,503.76,0.0,0.0,0.0,25,0,17,19.509253,True
Penalty-1e5,RDL-tune-n25-04,25,10000,1,0.1,0.4,0.997,100,100000.0,0.05,505.533085,505.53,0.0,0.0,0.0,25,0,17,18.999937,True
Penalty-1e5,RDL-tune-n25-04,25,10000,2,0.1,0.4,0.997,100,100000.0,0.05,502.217032,493.64,7.54,0.0,1.04,24,1,14,18.919167,True
Penalty-1e5,RDL-tune-n25-05,25,10000,0,0.1,0.4,0.997,100,100000.0,0.05,541.669999,489.39,49.95,0.0,2.33,21,4,19,22.599923,True
Penalty-1e5,RDL-tune-n25-05,25,10000,1,0.1,0.4,0.997,100,100000.0,0.05,538.895416,484.99,49.95,1.63,2.33,21,4,16,22.918437,True
Penalty-1e5,RDL-tune-n25-05,25,10000,2,0.1,0.4,0.997,100,100000.0,0.05,544.829912,500.23,41.81,0.0,2.79,22,3,18,22.570554,True
Penalty-1e5,RDL-tune-n25-06,25,10000,0,0.1,0.4,0.997,100,100000.0,0.05,509.832284,509.83,0.0,0.0,0.0,25,0,17,20.320896,True
Penalty-1e5,RDL-tune-n25-06,25,10000,1,0.1,0.4,0.997,100,100000.0,0.05,504.696572,503.86,0.0,0.84,0.0,25,0,15,21.639279,True
Penalty-1e5,RDL-tune-n25-06,25,10000,2,0.1,0.4,0.997,100,100000.0,0.05,508.588131,508.59,0.0,0.0,0.0,25,0,15,21.891389,True
Penalty-1e5,RDL-tune-n25-07,25,10000,0,0.1,0.4,0.997,100,100000.0,0.05,593.759533,574.36,11.65,6.11,1.64,24,1,16,18.097545,True
Penalty-1e5,RDL-tune-n25-07,25,10000,1,0.1,0.4,0.997,100,100000.0,0.05,593.759533,574.36,11.65,6.11,1.64,24,1,15,18.22853,True
Penalty-1e5,RDL-tune-n25-07,25,10000,2,0.1,0.4,0.997,100,100000.0,0.05,599.331996,579.93,11.65,6.11,1.64,24,1,17,18.603197,True
Penalty-1e5,RDL-tune-n25-08,25,10000,0,0.1,0.4,0.997,100,100000.0,0.05,503.959326,421.4,70.06,3.5,9.0,18,7,18,24.202729,True
Penalty-1e5,RDL-tune-n25-08,25,10000,1,0.1,0.4,0.997,100,100000.0,0.05,511.783592,449.51,50.92,3.5,7.85,20,5,16,24.47399,True
Penalty-1e5,RDL-tune-n25-08,25,10000,2,0.1,0.4,0.997,100,100000.0,0.05,512.655305,451.79,50.92,2.47,7.47,20,5,15,24.44375,True
Restart-0.025,RDL-tune-n25-01,25,10000,0,0.1,0.4,0.997,100,10000.0,0.025,443.931956,442.73,0.0,1.2,0.0,25,0,37,19.898227,True
Restart-0.025,RDL-tune-n25-01,25,10000,1,0.1,0.4,0.997,100,10000.0,0.025,443.812757,442.61,0.0,1.2,0.0,25,0,36,21.276486,True
Restart-0.025,RDL-tune-n25-01,25,10000,2,0.1,0.4,0.997,100,10000.0,0.025,449.051272,449.05,0.0,0.0,0.0,25,0,37,20.674783,True
Restart-0.025,RDL-tune-n25-02,25,10000,0,0.1,0.4,0.997,100,10000.0,0.025,490.771189,406.48,80.49,0.0,3.8,19,6,38,25.96108,True
Restart-0.025,RDL-tune-n25-02,25,10000,1,0.1,0.4,0.997,100,10000.0,0.025,490.524941,405.87,80.49,0.0,4.16,19,6,34,23.866889,True
Restart-0.025,RDL-tune-n25-02,25,10000,2,0.1,0.4,0.997,100,10000.0,0.025,492.186182,407.9,80.49,0.0,3.8,19,6,36,23.7034,True
Restart-0.025,RDL-tune-n25-03,25,10000,0,0.1,0.4,0.997,100,10000.0,0.025,452.608801,385.29,60.76,0.64,5.92,20,5,37,25.857121,True
Restart-0.025,RDL-tune-n25-03,25,10000,1,0.1,0.4,0.997,100,10000.0,0.025,452.392494,385.07,60.76,0.64,5.92,20,5,36,25.465713,True
Restart-0.025,RDL-tune-n25-03,25,10000,2,0.1,0.4,0.997,100,10000.0,0.025,459.534917,404.07,50.03,0.64,4.79,21,4,37,26.237332,True
Restart-0.025,RDL-tune-n25-04,25,10000,0,0.1,0.4,0.997,100,10000.0,0.025,500.734176,484.58,14.77,0.0,1.38,23,2,36,19.013165,True
Restart-0.025,RDL-tune-n25-04,25,10000,1,0.1,0.4,0.997,100,10000.0,0.025,501.989719,501.99,0.0,0.0,0.0,25,0,36,18.993964,True
Restart-0.025,RDL-tune-n25-04,25,10000,2,0.1,0.4,0.997,100,10000.0,0.025,501.989719,501.99,0.0,0.0,0.0,25,0,33,19.24246,True
Restart-0.025,RDL-tune-n25-05,25,10000,0,0.1,0.4,0.997,100,10000.0,0.025,539.526403,487.25,49.95,0.0,2.33,21,4,36,22.381413,True
Restart-0.025,RDL-tune-n25-05,25,10000,1,0.1,0.4,0.997,100,10000.0,0.025,544.458534,490.38,49.95,0.0,4.12,21,4,37,22.866753,True
Restart-0.025,RDL-tune-n25-05,25,10000,2,0.1,0.4,0.997,100,10000.0,0.025,539.526403,487.25,49.95,0.0,2.33,21,4,38,23.864129,True
Restart-0.025,RDL-tune-n25-06,25,10000,0,0.1,0.4,0.997,100,10000.0,0.025,504.696572,503.86,0.0,0.84,0.0,25,0,36,21.269736,True
Restart-0.025,RDL-tune-n25-06,25,10000,1,0.1,0.4,0.997,100,10000.0,0.025,504.696572,503.86,0.0,0.84,0.0,25,0,37,21.281364,True
Restart-0.025,RDL-tune-n25-06,25,10000,2,0.1,0.4,0.997,100,10000.0,0.025,504.696572,503.86,0.0,0.84,0.0,25,0,35,17.084914,True
Restart-0.025,RDL-tune-n25-07,25,10000,0,0.1,0.4,0.997,100,10000.0,0.025,598.074092,598.07,0.0,0.0,0.0,25,0,37,14.19762,True
Restart-0.025,RDL-tune-n25-07,25,10000,1,0.1,0.4,0.997,100,10000.0,0.025,603.76971,603.77,0.0,0.0,0.0,25,0,38,14.400329,True
Restart-0.025,RDL-tune-n25-07,25,10000,2,0.1,0.4,0.997,100,10000.0,0.025,604.256476,586.66,12.91,3.4,1.28,24,1,34,13.667695,True
Restart-0.025,RDL-tune-n25-08,25,10000,0,0.1,0.4,0.997,100,10000.0,0.025,503.117129,417.73,70.06,7.94,7.39,18,7,36,19.470923,True
Restart-0.025,RDL-tune-n25-08,25,10000,1,0.1,0.4,0.997,100,10000.0,0.025,515.182649,455.07,50.92,1.73,7.47,20,5,36,19.38947,True
Restart-0.025,RDL-tune-n25-08,25,10000,2,0.1,0.4,0.997,100,10000.0,0.025,511.783592,449.51,50.92,3.5,7.85,20,5,37,19.805493,True
Restart-0.10,RDL-tune-n25-01,25,10000,0,0.1,0.4,0.997,100,10000.0,0.1,432.831138,432.83,0.0,0.0,0.0,25,0,7,16.039895,True
Restart-0.10,RDL-tune-n25-01,25,10000,1,0.1,0.4,0.997,100,10000.0,0.1,437.221849,423.15,9.94,2.31,1.82,24,1,6,15.605466,True
Restart-0.10,RDL-tune-n25-01,25,10000,2,0.1,0.4,0.997,100,10000.0,0.1,443.931956,442.73,0.0,1.2,0.0,25,0,7,15.784436,True
Restart-0.10,RDL-tune-n25-02,25,10000,0,0.1,0.4,0.997,100,10000.0,0.1,492.995046,408.71,80.49,0.0,3.8,19,6,8,19.261789,True
Restart-0.10,RDL-tune-n25-02,25,10000,1,0.1,0.4,0.997,100,10000.0,0.1,492.178743,417.68,69.39,0.0,5.11,19,6,5,19.949035,True
Restart-0.10,RDL-tune-n25-02,25,10000,2,0.1,0.4,0.997,100,10000.0,0.1,492.191494,407.54,80.49,0.0,4.16,19,6,7,19.991796,True
Restart-0.10,RDL-tune-n25-03,25,10000,0,0.1,0.4,0.997,100,10000.0,0.1,459.534917,404.07,50.03,0.64,4.79,21,4,8,20.738662,True
Restart-0.10,RDL-tune-n25-03,25,10000,1,0.1,0.4,0.997,100,10000.0,0.1,459.534917,404.07,50.03,0.64,4.79,21,4,8,21.077866,True
Restart-0.10,RDL-tune-n25-03,25,10000,2,0.1,0.4,0.997,100,10000.0,0.1,459.534917,404.07,50.03,0.64,4.79,21,4,8,25.015974,True
Restart-0.10,RDL-tune-n25-04,25,10000,0,0.1,0.4,0.997,100,10000.0,0.1,503.241769,494.6,7.23,1.07,0.34,24,1,6,19.070745,True
Restart-0.10,RDL-tune-n25-04,25,10000,1,0.1,0.4,0.997,100,10000.0,0.1,509.488917,500.83,7.54,0.08,1.04,24,1,5,19.674769,True
Restart-0.10,RDL-tune-n25-04,25,10000,2,0.1,0.4,0.997,100,10000.0,0.1,504.748472,488.6,14.77,0.0,1.38,23,2,6,19.796141,True
Restart-0.10,RDL-tune-n25-05,25,10000,0,0.1,0.4,0.997,100,10000.0,0.1,542.71743,488.81,49.95,1.63,2.33,21,4,7,23.112369,True
Restart-0.10,RDL-tune-n25-05,25,10000,1,0.1,0.4,0.997,100,10000.0,0.1,538.895416,484.99,49.95,1.63,2.33,21,4,5,22.708619,True
Restart-0.10,RDL-tune-n25-05,25,10000,2,0.1,0.4,0.997,100,10000.0,0.1,539.526403,487.25,49.95,0.0,2.33,21,4,6,22.744952,True
Restart-0.10,RDL-tune-n25-06,25,10000,0,0.1,0.4,0.997,100,10000.0,0.1,508.588131,508.59,0.0,0.0,0.0,25,0,7,20.875508,True
Restart-0.10,RDL-tune-n25-06,25,10000,1,0.1,0.4,0.997,100,10000.0,0.1,504.696572,503.86,0.0,0.84,0.0,25,0,7,18.120037,True
Restart-0.10,RDL-tune-n25-06,25,10000,2,0.1,0.4,0.997,100,10000.0,0.1,509.832284,509.83,0.0,0.0,0.0,25,0,6,16.845329,True
Restart-0.10,RDL-tune-n25-07,25,10000,0,0.1,0.4,0.997,100,10000.0,0.1,602.374231,597.35,0.0,5.02,0.0,25,0,6,13.759635,True
Restart-0.10,RDL-tune-n25-07,25,10000,1,0.1,0.4,0.997,100,10000.0,0.1,603.76971,603.77,0.0,0.0,0.0,25,0,6,15.202674,True
Restart-0.10,RDL-tune-n25-07,25,10000,2,0.1,0.4,0.997,100,10000.0,0.1,606.232525,571.85,24.56,6.11,3.71,23,2,5,16.60085,True
Restart-0.10,RDL-tune-n25-08,25,10000,0,0.1,0.4,0.997,100,10000.0,0.1,513.795482,431.48,70.06,3.63,8.62,18,7,9,24.606898,True
Restart-0.10,RDL-tune-n25-08,25,10000,1,0.1,0.4,0.997,100,10000.0,0.1,512.586206,450.31,50.92,3.5,7.85,20,5,8,26.594212,True
Restart-0.10,RDL-tune-n25-08,25,10000,2,0.1,0.4,0.997,100,10000.0,0.1,512.655305,451.79,50.92,2.47,7.47,20,5,6,24.619223,True
